26331087514_1d7bf7b648_h.png,ee2f4382-33fd-43ff-9667-b6d8cec6e5e5.png
26942478835_46d7f8be97_h.png,4a03de93-99f3-42b8-99d3-8944c95e7847.png
26909147926_4118c7c1e9.png,008b0866-7096-4565-b8e9-ae7f801ee47b.png
26335545313_565a1b8d5a_h.png,a8fe1d37-3827-4a30-a108-36395e4afd64.png
26943580275_1a0b1ced04_h.png,d4a2cf14-9a3a-4133-8cc1-f9850967f5c9.png
26338698643_9690431921_h.png,c03468ad-5b32-465e-8802-12f771ddd7af.png
26669643690_c2c7873f85_h.png,3dbffd64-c321-4ca6-9577-86e8b98478e6.png
26333981573_8802b61d9a_h.png,3b9e1f1e-6acf-4862-8f8b-934b2ce16321.png
240797363_23049a4e37.png,51d7b86f-2544-4526-b98f-99c60fa99791.png
26870931251_aeffdd9020_h.png,3a02f395-75c6-44d0-8eb4-6bcf227826d9.png
240796218_a11a9bf220.png,c048c0a2-4d8a-49c8-a24e-1b34b23c54ac.png
26906745776_7644aeb39a_h.png,0dbd7b02-c134-4860-ad74-9f20d9ef8f9f.png
26665004650_2bbf14598a.png,dd781c30-f77c-4b10-afdd-84f8c24c5347.png
26335815313_ab441944ef_h.png,83c04986-ee61-4e01-9ed0-c7357ad8c94b.png
26942831385_0a4f7d473d.png,ae824361-f289-476b-8009-4eb3ede5638e.png
26333201673_20c7b6872e.png,fee13f0d-b481-4695-9380-43d9ddf80c48.png
26907973856_1e64668d3c_h.png,6edddd66-2929-471b-9e87-653a82a68c6f.png
26865019731_fa1fc519d3_h.png,3e5134d9-04f3-4c6b-8841-99eff8c3a836.png
26332313843_d791143e3a_h.png,5622ac88-b87c-4880-85c6-edd969905c58.png
26333295754_8be236757e_h.png,0623cf43-01a7-468a-9de4-c1afe4bbb140.png
26909309996_622ddafa92_h.png,2fa57d24-a714-49b6-b2b6-f6cf2105bdd8.png
26870963181_45f336810c_h.png,0fd86243-b2ae-46f3-86af-a448e253f49a.png
26902541966_ff206bdb92.png,0e24664b-2f63-4f9f-bbbe-755dbc137fb8.png
26942870835_074558a411.png,44b49a0e-fe40-408f-a90f-c430bbc99c1e.png
26669498890_4506a6037b_h.png,52dfd3b6-0940-4243-bb86-822479c0fd5d.png
26332438854_d12df8653a_h.png,2e7365c4-8ec0-43ae-9a32-6ced345b16d2.png
26904271086_e3ca760c2c.png,dca42438-8a63-4eb9-8198-073bfb4d7df7.png
26937904895_42e8645e99.png,bd71942f-dcf5-474d-827a-3a2f491703e9.png
26901855676_c451a5956d.png,32619866-b9c5-4502-b50c-8b5b1d8d5f42.png
26874660761_e8030094c3.png,c522d57f-81a8-4be4-8e17-2d4c13a74c8c.png
26334926664_711e1c5592_h.png,d3b5b903-de62-435e-af0c-09800bb4a060.png
26935853665_2914d6a00c_h.png,9b5337ca-33a7-453a-bf48-d9babc9815b2.png
26327112824_7f011ab04b_h.png,74801e79-10f5-4c05-b1f5-eb0c5e47c39e.png
26339669753_ccc88df522.png,f2e9d968-6714-4444-a165-f3fe8e0dc876.png
26664034320_def5912b33.png,944871b7-a660-4903-b05a-97ac8706f61b.png
26332184963_ff0fc92fe9_h.png,44cffd40-eb49-48fe-9871-c1541bf60bb6.png
26873774491_e6e19619a4_h.png,4ff869dc-3abd-4ffe-a990-867f11204dd4.png
26327108474_efaa2f33df_h.png,90121c24-270e-45a4-9c51-c6cbf76cfafa.png
26938928915_b695d79608_h.png,6cb24662-3154-4926-a36a-440bbc8ea12d.png
26909462886_97e3a42637_h.png,732658ed-ba69-4548-9b8f-134935876674.png
26838691592_c2cbc04f2d_h.png,43367828-0ac6-489b-9bff-f5ccdbee4923.png
26873769761_97f3e45d36_h.png,6d5e4ab1-8209-448c-a1d4-1314f972df89.png
26944377365_3060dd9188_h.png,4a11e59a-09bd-4c84-9fdb-c72d7148f6ba.png
26942859565_31d920e4c1.png,a9ba34a4-f53b-410d-9d68-f89b0e4ace69.png
26333505943_1f6469e584_h.png,bc3baf80-e134-4754-956e-38b098d1697e.png
26909343466_0a60a3b059_h.png,cb6230b2-78bd-4848-8e68-eecb1b45d8fc.png
26838712932_7755aef2b0_h.png,ebfed0a2-b54f-4347-8c96-55fc7a9c084e.png
26334094454_bb7f403321_h.png,88a0187f-41c0-4fc5-910b-a5e3aa55d1af.png
26339639233_a899dcc2e2.png,9281efb2-0166-4519-a9e1-742be42259aa.png
26937486745_2aa8fe2383.png,a40391fd-a622-499f-970d-aeb907647249.png
26903167576_0f310a7a1f_h.png,ffb57e48-4d0e-441e-879b-bfd16224784c.png
26936848095_3a56b3bb86_h.png,31b00cc7-c622-485e-9683-0804cb93b5bd.png
26940555925_4b47e667a5_h.png,23e84804-3326-47ba-be9d-657836f34b85.png
15477229505_17a4c7f1f2.png,30119377-74e7-4110-a7c6-1f285f853ff9.png
26838700762_ad67713f2f_h.png,42363231-7da4-4aa3-80cb-bd4007201483.png
26842985092_45828fd88b_h.png,6e8eaf0e-12cf-4764-81fb-3359287825eb.png
26938260725_950b1ab8c5_h.png,482e4467-2c6d-4ce3-8794-1f9d55730510.png
26937897205_b557016c38.png,9144009b-2cd8-4af8-8c0f-236c5111c66d.png
26333741194_48ec3bafd0.png,4d15ecb2-ee42-41c7-ae08-6e4932a236a6.png
26848474102_6319652ca6.png,883fa792-c6f3-4ca9-94d7-e6f3eaa248d5.png
26838696692_b289685deb_h.png,3db57ca0-0847-4c45-b498-cf2c2d3cc442.png
26847748992_e6db1a001c.png,2394e4f8-71f4-4253-a5fb-97cb966e2581.png
26903960826_354a8bb6ca_h.png,d1f259c6-7f8b-473f-830b-0ec0fbfcdfc3.png
240797112_05faff455e.png,d6f7c663-2106-4405-8270-7ae15f5de852.png
26905205386_30da1b5b4e_h.png,40f6d798-8ca0-41cd-baff-a18bc27ff65f.png
26669359870_13dbcaef0c.png,88ae41bc-9555-46dd-a84b-83ea888f28c1.png
26870304071_1855b78f80.png,3f124cc2-3133-4054-a1bb-5db9e8f76144.png
26666414440_3a96420193_h.png,e4a0d295-36c4-470e-afe0-d294172a9a0f.png
26328448233_96e502abf3_h.png,e13ca590-f74c-40f6-926c-2a8ef26fd47a.png
26843856232_cab60124b2_h.png,c32951d6-4877-4364-9090-4756c4211dfc.png
26910510806_2043cce399.png,68578a60-1651-486f-9be2-1830af0bce2c.png
26332294513_15e33be999_h.png,3d2e10e7-7960-4610-aebb-8f501faecc87.png
26670795370_113724f8dd.png,c8dc0a07-6521-4f39-acc7-2811dd84f7b0.png
26849956482_f504d7c7aa.png,e4df29db-26cc-4312-99c2-736513c5c4ba.png
26333769293_e960953a84_h.png,7002de0e-7536-4fa1-9df2-25de1adb2f43.png
26668242330_18f161b37b_h.png,53e471de-6935-4b3b-a3bd-f4a4442aa290.png
26670166260_9f87bf4ac5_h.png,68fe3c78-9d11-4f31-85cc-2ed82b763a59.png
26872863811_ce14789f96_h.png,897c16cf-540f-4061-94fb-29ff377994e4.png
26664812340_dce297b381_h.png,e5d89598-b954-4936-88e1-5483873cb24d.png
26331292704_08df132b2c_h.png,781c883d-a7a8-461b-83c4-e5ef33a6ec9b.png
26935043775_525e86502f_h.png,d5023f31-c2ff-4de9-bb4d-ea8795775207.png
26905521946_e18fc3c44c.png,f1bc8f63-cf94-4fda-a8b6-1c5a0c2d30e3.png
26875993101_bda80f5420.png,edf3ebe7-9e26-4872-b148-f7a0d4b8f1a9.png
26939430205_f66294cbdd_h.png,9eebcd10-283d-40ed-9e28-39d16845fd5b.png
26874241071_d34b527a75_h.png,bee2c3df-8195-4bb7-8a4f-86f06e69fef1.png
26664816950_02a0e2736f_h.png,07078b03-ed93-44ea-bdbd-8361aadf9e44.png
26937894875_1b3d744a74.png,833818d4-b2ac-46b4-b31e-f908e1bf922a.png
26904681146_2980d2a1db_h.png,e8b11345-8d6d-4b5d-b625-88fc31d1c353.png
26338604204_bf815d9c84.png,63155a71-f4f5-48c3-9565-433b8c4dcaf4.png
26338428504_c1da3d281d_h.png,f416bc7e-5790-4370-a3ca-13419e64ef7a.png
26669363730_90ca789f8c.png,fd031734-954c-4b2f-9f87-22411ade3a2f.png
26333471934_d910a10abb_h.png,851922c2-5582-4a04-89a6-b6d8672f29f8.png
26339640303_8ac9a75f37.png,54f0d095-6b4d-4a1e-b186-9d5e8fc69034.png
26666428930_6f5dbb01ed_h.png,693f6358-76e7-442d-8019-fb6015dcd402.png
26937914295_835b4177c9.png,d5ca5ce1-77ca-4887-98eb-615b504efdfa.png
26848480522_56d127d05e_h.png,ee5e4dad-4079-4642-b0a6-4515b794cb0f.png
26909343456_37353cf451_h.png,0db4a8ee-6916-42db-a5f3-69d658fb9341.png
26335824233_e2ccccf23a_h.png,3dff82a7-4643-481e-af0a-e08f1b6ad9a4.png
26843805292_2866f42c72_h.png,985cae19-7401-468d-90d0-4882cba3bc99.png
26336643843_05a4d8cd18.png,f09e159a-579f-4946-8e3e-44eee0bb2d61.png
26339737773_bb876444f9.png,fbe32447-ac11-4ef1-a165-1963d4da9914.png
26906149186_d5e1abb44f_h.png,38e47ca6-c727-4af9-b522-19ac742d3323.png
26849752632_4aa0b66ae1_h.png,514e0af7-8d1f-4705-9c38-1384bf7a6a07.png
240796459_5d43abfee7.png,f63f04d6-a814-4610-b2bb-b06674f87e41.png
26849960782_2fcb93498a.png,9fd764b9-76c9-4797-914f-bc527f346667.png
26846077842_7b96a50a90_h.png,95f3f6d9-fe21-4487-ae59-e71aaa6d33c4.png
240796732_f927dabc24.png,901dae8e-19a1-4a57-9a6b-3a246ef5c7e3.png
26662614410_b659e425c1_h.png,d641a637-2e24-4da0-8b35-4dd089dbcd70.png
26843943112_0d9f765b10.png,6457ef19-9c86-422e-909f-d07dbfe0132a.png
26872803071_4715622cfd_h.png,684adbd1-3148-4d7f-9a76-e65c9fb8dc35.png
26906818136_e2436f4310_h.png,6224af22-4fb9-4bbe-b977-449655af005b.png
26937833585_4a3055fc9f_h.png,68f4b478-8fcf-407d-b8e1-f6ebcb518b3f.png
26844237672_631807e772_h.png,674de0a5-8620-45a1-983f-8c29c600a041.png
26664938970_94dc575c9b_h.png,7b407cb6-fbd3-44e3-8b71-98e06b7cd23a.png
26335749963_0cf02bb1b8_h.png,c64aa2ff-1a9e-47d2-b139-65de77181173.png
26938314995_b4587d9f11_h.png,bb8a045f-5531-46ba-a19a-eca601733436.png
26939355785_0267dd95a6_h.png,2828bdec-13cd-4d70-b136-1789c88d5dc3.png
26849958222_12b82a02cc.png,466bbb9c-02bf-4751-8ac1-56279db0a7de.png
26844332002_9177bd3c20_h.png,c43eacb7-4f86-4dbf-a531-e389edee505a.png
26667100960_61482ac7c0_h.png,0163968e-06d9-43e4-b428-367bbb3a43e6.png
26337207173_04cbe43de7.png,697280c4-fff4-4779-8feb-13607eb4a57d.png
26846096882_b127f5ee7c_h.png,3f5d3071-2a7e-4f24-a0b7-4af820abf278.png
26843398452_20a1867a5e.png,d29cac65-bc8a-4238-93c9-88b5dacdf22a.png
26910505466_71279a4549.png,cd21b765-e0df-4c35-9df1-a60a85baed2b.png
26940431475_e510d1f8b6_h.png,999d4e5e-bd23-43a2-a9cc-21d0658bcf48.png
26331827094_1550467e74_h.png,b97e49eb-013c-46e0-b1aa-cc3f0eb55899.png
26868845671_5f87801743.png,fc43d575-29a1-4d6c-93da-cd1522de1f11.png
26333205593_279c6ef8bb.png,b9c88ab6-f87b-4a92-8e6b-acf0e4bc26e0.png
26870112701_51e230f478_h.png,5942bdb3-1ed6-4ca2-85fc-9c4263299d5b.png
26843965682_abde10740e_h.png,43fb9d78-9e2c-4940-a331-b73c04835b48.png
26333463494_b5a8b5a1bf_h.png,25428ae7-0b81-41c7-8e2c-1cabfbd70dbd.png
26939945075_bde1dcb186_h.png,9dc7edf2-fba1-437b-a09b-23d7d2a9f1b8.png
26338342014_81ef9b2326_h.png,379a0a07-7866-4223-9bf5-327b2c3d8f97.png
26841597792_dd119766e5_h.png,76ac13f7-9e6b-4884-9386-168cd1721138.png
26843501292_2503c6e68c.png,0a6ece65-f10a-4307-a1de-1b00d778f31f.png
26339234213_b7b2c3ac1f_h.png,44e731c7-4ccc-45c7-b826-da3fd7e67427.png
26871830351_5869fe838b_h.png,9ffba58a-d7da-489f-b10a-d743d3655743.png
26664434210_93c0a33f44_h.png,85e60c84-f5ca-44e2-b768-dab6666fd3c4.png
26332666364_90026ab7f8_h.png,5790f86b-ca61-4b71-9149-0840a222ed2e.png
26337185874_a051b3fe87.png,5d794bd3-ad3d-421b-addf-979db7b7ca28.png
26335539984_9487e6369f.png,c647f722-e5e8-4080-9d3f-d66f6100b3f0.png
26665374520_99c62d4f1d.png,a277376c-75ee-4177-823b-cb1f0d48c452.png
26846138582_a31ba48d36_h.png,432267c9-702e-421d-93c0-ad23879da17b.png
26865036691_70bb5e9b00_h.png,c1028d1e-165d-41bc-b9ba-e2affaf31fa8.png
26333313334_33d6f4c0e6_h.png,4e151ded-3682-4d65-9a0f-8c14d923d5f9.png
26332911463_726637c529_h.png,32bc6e62-1635-4811-ab66-0e59ea8a456d.png
26867403591_324fca5681_h.png,52441626-6597-4fba-b8da-9af233d8c8e1.png
26843502292_4aa9c707de.png,d9a5252e-6f06-41b1-b900-e97c25b1fc68.png
26843537822_0805d4c964_h.png,facdf3d1-6e0a-4c68-83fb-c78433d175bb.png
26663527210_7c1724660c_h.png,31c99db0-c93f-4926-81e4-5c309cf01e6a.png
26904246436_e5b6239dc9_h.png,a6758147-065f-4f38-80a2-b81042cd424e.png
26838684252_067fd5edc7_h.png,9df76a05-5ef9-4e91-93d1-db85a7a47af5.png
26942881655_69f8b5779b.png,d3514aca-0c6f-45ad-a812-de79b923a2aa.png
26938233775_879824803b_h.png,d14c4ce1-8ee2-4e96-bf5e-188d46430acc.png
26905590286_3cd42ebfc2_h.png,1b6d33a2-8c4c-4f17-a26a-09a9dd0a171c.png
26845676622_a830b1e28c.png,6f376975-d875-457e-92e8-7593d046fd54.png
26334987753_0b06c579dd_h.png,73877cb5-bf1b-4844-9548-9bb6e4af3e16.png
26840822222_feec66b7b4_h.png,dcb5e078-d026-4d01-9b82-0691c06db0dd.png
240797516_4a365afd01.png,34ec6dcb-4c6d-4f00-9d5b-fa95abd55872.png
26847693372_3681f6d8ef_h.png,db8acd0e-dbf4-4766-903d-1db339155570.png
26938184305_2393657480_h.png,b8466ce4-67ef-43aa-9f09-2f5d4634f5ff.png
26938335605_cca00d021c_h.png,0d2c06d5-21ee-4c31-98c7-48b0a8cb4a5f.png
26793285162_04aedf7dff_h.png,ed7bfd6c-d22e-4db4-b5f2-bbf31553620a.png
26938361665_24fe707ad2_h.png,77866e22-d5e1-47a7-88d8-da28a2cbdcb3.png
26843077262_02729b61d8_h.png,cff1f58c-9bb8-43fb-b459-06db5f178c5a.png
26844198142_9bd4b23615_h.png,3a3b47d1-752a-46e0-9db0-c8e8cd6675ad.png
26841597452_9e2156756b_h.png,aac19d27-f195-4871-8ccb-1deb8baa8f43.png
26335457284_32ca908654_h.png,0c7e6daa-af3c-4f82-b993-6040b042f5b3.png
26943050475_e424696a6a.png,930c4848-7257-418d-9ce1-1543459a717f.png
26662979880_0752387e8a_h.png,fb6beaa3-faae-495b-99d7-9bfcfb9340d2.png
26869823511_815f77589b.png,1077e777-f691-414b-89bd-12fab0c69682.png
26338181074_cff70bfac8.png,91ca822f-2dab-4ea4-acac-ace8fbb5f773.png
26904220856_f762965965.png,4ec1a29a-c39e-4c27-8b98-7fc79e183fd3.png
26664910940_fe4ac1dc32_h.png,7bc6c9da-bfcc-434e-aa9b-eee0c460e584.png
26663525730_fc3b209298_h.png,fdbc52dc-84ae-409f-970a-a44cc5360131.png
26842995842_b2ab54a9d6_h.png,3a800f58-3271-4adc-b96d-0ccfab6c1b2f.png
26937996215_6cd486b39b_h.png,9dc1b64a-91a2-4fb7-b140-2718256a5391.png
26904958916_c26feb9419_h.png,b86c1177-060c-45b0-a127-ffa77c980735.png
26940416895_512d9d34d3_h.png,f836c352-e392-4efe-8e50-22e3b4f5f1a7.png
26838694442_edb55fc4e6_h.png,1272c89e-678a-4699-a718-57596f6480fe.png
26667103200_57b2502277_h.png,e01a6138-1282-4b7d-be5e-13b7367ef6ee.png
26867975181_b823a6cb77_h.png,0e815a74-3901-4390-a680-0f2b2b377bd9.png
26663501860_fe2861419f_h.png,1c93a3f1-d5c3-4301-9cf2-c5f2b3d01f87.png
26840847302_827ae9f5d9_h.png,2802b614-072b-45aa-b749-01a907c91c16.png
26937506085_7396dac60f.png,caaa20de-c33a-4c21-a4d5-43a6b28a8a8d.png
26870999101_054a0c8796_h.png,6c10c5b6-73aa-4b25-b909-4a61fa2944ff.png
26933757585_5fe5fa9345_h.png,983a8e4a-b2af-40f3-8743-43e5db80f35f.png
26328502894_0d1be1a71a_h.png,81a13900-c39f-492d-a219-52bf1e3e807a.png
240797823_913416a302.png,b3da5bfe-04b1-445d-8675-b77f9da43716.png
26937916725_e0b8df5ece.png,81fad3d1-a294-4597-82e7-9040ca804ef1.png
26902950916_61b4e99528.png,82bd6991-e1bd-4381-8752-522239ee69b0.png
26845981212_e673d75d1a_h.png,3dae6f83-fdd5-4867-ba0c-572d8549bfbf.png
26331715354_5d936915a6_h.png,cba0ac12-51fd-4fc3-aac0-b24e569b7ac7.png
26904216186_1a058c38d3.png,e09c1921-d11e-4a9e-a5a7-dadc8017226c.png
26907370686_9032c04153_h.png,be539301-4d97-45b5-b679-3b1c4418b032.png
26868822961_b00b1a665c_h.png,3e20735d-100a-40da-a4fc-5f11cf0a8f89.png
26333097623_73f5689e4c.png,7f34ba26-5212-4663-8d42-45142d715e2b.png
26865017011_4dffb86105_h.png,93e6a028-64ce-43d1-bae0-b070956961e0.png
26843928202_5f6cb65bec_h.png,d61fa823-79ce-4854-9531-9a0ebc906286.png
26665881140_247e168d40_h.png,51a2c02e-6277-4db8-b10c-49eb575ae9c2.png
26333568744_57377c9032_h.png,be536879-86f6-424e-a761-15d0d7b59091.png
26938203745_939c7ffb96_h.png,3c7f0e28-55c1-4c79-a086-94cecac59741.png
26841659242_a62826a2b7_h.png,cf1cc754-ac28-4a7a-b42a-3529a7ae2032.png
26942824725_c4d3406783_h.png,7e472e5b-59bd-46ce-91c1-8f2de1098546.png
26339645233_f3852a815d.png,e1d25f31-9db8-41ca-8565-211422de1c91.png
26908816336_e427c04a42_h.png,ea0d37f3-40d4-4369-b2ca-803e8700d9c0.png
26843414642_a093df131e.png,8ed2d7f0-3ae1-4612-a9f0-dfb91cfc75fc.png
26846287002_251b7749fa.png,eef75228-18f3-405e-bd14-4e6b0507ff29.png
26875378871_f760b647dc_h.png,9210c149-716a-4601-bcc0-ce79b90f267e.png
26339668173_a89a6fbac4.png,9d9664a6-98ec-4f1c-8543-d96310662125.png
26838707862_a41832d307_h.png,3c7e0774-69f7-4d5b-b452-763d0a90e832.png
26334856383_602baffb4d_h.png,2c9c5809-02c4-4855-84dd-0b3b4efb59b5.png
26942477085_016bf54bc6_h.png,7ee61add-fbdb-4628-ae22-98773bb289cc.png
26847478382_427d68ec58.png,8e38f43f-07d6-4702-91a0-3fa001480fa1.png
26337277134_f90043d6db_h.png,f9131fe6-247e-4813-be7d-790a1d7fa3b8.png
26870272431_4c1d04916b_h.png,380f8da5-dd23-47de-aff9-f00762b543c4.png
26666691630_a37a8e18b1_h.png,e78b6c28-9b70-417c-9936-f9d7a0f71c7b.png
26937549385_fa8277d6a6_h.png,19ee2b01-2fb7-434a-817a-d8ee59f9b677.png
26669343570_6065112106.png,47c06693-b333-4965-b8c5-a4e89f56d7ae.png
26841540752_ea9a64cf9c_h.png,36c0b74e-fc5c-4088-9c48-2bbaafd9bdfc.png
26838706132_0a8dc131b2_h.png,00089c1d-77c2-411d-81cf-2d884254ee76.png
26843083232_835a616f1b_h.png,e60e99ad-2b90-41a7-9f06-8ad8c33d873c.png
26848488122_5693ea5ae6.png,db1d0ec9-fb6c-4972-b9ae-bf8e330f6d86.png
26667103670_5d6f27b653_h.png,c180ba26-6ab4-4f12-aa6a-a9883dc7932a.png
26872536221_a79b2b6269_h.png,eb31392e-0e2b-4c5e-8453-426ed292b828.png
26944253275_124319974b.png,524cab44-4d4f-41e2-bb9c-dc67456cd98c.png
26664371150_a36f55ef85.png,fd16506f-b6c1-4655-a263-1b09b2130e4c.png
26331232454_a1839a5d4f.png,a78f52b1-8095-4be1-b10b-7e38e904852e.png
26666016780_03f4b1a17b_h.png,51f27c0a-5f30-4cfd-803e-b42390f0b413.png
26338602064_c8062ac88a.png,83454227-8d6e-4313-9e4c-eace10bcb316.png
26843809152_c8385eef73_h.png,96444cf4-63c6-43a8-8da2-3d857ec92aaf.png
26937493785_c8d5226c5d.png,033c939f-0844-4dec-bb52-9b0090dabe13.png
26903746236_ca5d8b0c08_h.png,8ecf5305-3156-47ab-b53e-86c579514d13.png
26659606000_862578eff6_h.png,c940331c-9f81-4f53-9cd0-1f76cd9e26b4.png
26869591011_ab448daa91_h.png,55aa8131-1351-4c89-93b8-ee35df93db3e.png
26848627542_b47e24adba_h.png,979e6d79-5905-4c64-8b11-c2c3b466be45.png
26337839233_66035595b1_h.png,534e9d93-7d92-4243-812e-a3dc1e50efa7.png
26339667023_12ac723ebb.png,e7b4d192-549e-4a40-9a5c-8fc0a00ca713.png
240797460_70a6210323.png,ecb8a1e0-82ab-441d-b97d-3369b1ba46cb.png
26937923485_e027c67598.png,a1265bf2-efbf-4b71-8235-174001096c8b.png
26872484371_0329ea8baa_h.png,65146a5f-206e-4412-b870-bb2328db5515.png
26842285162_dd996c669c_h.png,e9d4ab75-a3f0-43e5-acee-a8a8f3585e6c.png
26875281511_bd9b650ebb.png,7f960d69-863b-41f3-83d1-71376544c61b.png
26904219426_f21ea74b84.png,8d57862f-0d7a-4195-9f01-93e6147493ef.png
26844272762_1cb26ddc17_h.png,c3c62fcf-8c09-440d-bc43-249468ebcd0d.png
26867843451_3eef8c527a_h.png,f7ae6b13-a23a-4054-9099-ed0b40b823ca.png
26844800202_5042bbb005_h.png,6dac60b2-aef8-4607-a967-160b1788db9d.png
26939248245_0ea37adc41_h.png,4ab3a38b-1301-4fa6-8393-70e20aa58037.png
26334783753_855d88cf3d.png,d22918ce-37cb-48dd-9be0-ac014819d334.png
26664086980_28edfd114b.png,f9362c73-f14e-4b27-a23e-41f2a627cc33.png
26332322153_fbf8afb9b4_h.png,ed01d122-f070-4bd4-a646-eb0d8008328f.png
26667497710_3bc7366e4d_h.png,61a93b77-eb30-4867-8015-113eac505d0e.png
26841596742_111630d36c_h.png,2612532e-9917-4340-b802-e0e4e902bf8f.png
26876129791_385da5013c_h.png,8c7063c6-abc4-4f91-8c9d-09c312a1c646.png
26906147706_71de47b932_h.png,e8d1b022-abad-4ad1-95be-bfc99f64b2a4.png
26332222094_fa5a7660d5.png,d23d7683-20f9-40f1-ada5-2d942a3634db.png
26874238191_8fa4bf5a7a_h.png,8cf5a0d9-1e5c-4381-8541-a9383329c0dd.png
26332323303_65118432b0_h.png,a13471ec-39a7-410d-b730-caf153830a68.png
26334388633_052148e7b3.png,9b5b283b-3c3a-4b60-add6-f0925f904afa.png
26849027892_76921866b0_h.png,b721a0af-a35e-4f63-a2de-467ae49cbfdf.png
26871269331_6845245563.png,2157e6ae-5e77-42be-87e9-6f63ce4dc9bb.png
26936844985_fd79e7a7af_h.png,2f8cb4a2-9901-4951-a515-f1b9ad304477.png
26872547891_9b693e5cc3_h.png,e1090715-6338-420d-badb-8b80509cb1bf.png
26332979953_0a5dc28264_h.png,697dca7c-e88c-4acb-9f74-5e0c824b7875.png
26337493544_8e4b69c551_h.png,fcba3ac4-59d5-4109-9c42-2d9e01fef663.png
26938049055_93f9cd3260.png,73172a79-08d3-4dd0-9df1-00e925be4ada.png
26869399891_90020a85e5_h.png,1f3c8c4b-db49-4f5c-8715-0ca2f8e9ee0a.png
26333358834_2271c3e003_h.png,cbdec658-ae22-436e-a737-3d33b5dea560.png
26332290173_e259b0435d_h.png,e071faf1-3e30-42da-b4b3-17bd566569fb.png
26874232361_045590feb1_h.png,ed46e2fe-e194-46c1-9a4d-3080e4d738d6.png
26842936862_0f7617ca1b_h.png,e1bde2bf-b31d-4d23-a99e-a23088b24761.png
26940345725_f0464d23b4.png,c0685a42-c1a1-411e-a425-7a1d8332d775.png
26843973442_5110830f2a_h.png,38cc1445-a9f8-428c-9a6b-85801be41d40.png
26903753716_149e29904e_h.png,02eeead4-ebf5-4619-b10f-38f9088832a5.png
26874233741_dc69634cca_h.png,47b80c60-e5b3-4918-b7d5-ae87aa1fb9c0.png
26333702404_9c9ca3cae9_h.png,6b0ac43a-1b4f-4910-879d-bdf007aa79bc.png
26337645314_0ef4826a1a_h.png,32c2cb18-8fae-4b18-9f80-4395f59c64c8.png
26870508481_38c5b3121d_h.png,af635c97-4617-4923-8525-2046ddae8ded.png
26841596932_8fb101af80_h.png,564a4460-c789-4ef2-b81d-7bdd17ea6219.png
26938206185_55366c5023_h.png,c1836964-7f3e-42d7-a78d-6c4deb9b07b1.png
26876140261_e83c49f112_h.png,6e474b2e-05ba-4c6b-a55c-c57227d7b5ef.png
26870081631_7c5d038fbd_h.png,c8d295f2-0eea-4dac-af8b-43fa3e5efc80.png
26663268600_33d2b2676d_h.png,1acecd5f-d1d0-4b33-bc9d-bf5fb06557a0.png
26848628662_bd8c1dbee2_h.png,fe464834-f390-490e-a3ed-bdef44fb6643.png
26670772310_b1f0d9c017.png,e650ab45-b41a-4e31-8168-8b937206ab07.png
26910497536_2fbf0cfa7b.png,d76d272c-10cd-4a4a-8d20-0090de943fa1.png
26909865756_08d13d09b6_h.png,453c222d-bc7b-4b1e-b915-800fb75816b1.png
26904607946_3a38eff659_h.png,2879a07f-e4ac-45e2-a4d3-3ab2b81c9ea9.png
26663514680_c66e9629e5_h.png,8196bd24-fc51-40ee-abaa-1f686eff893e.png
26937799375_aa51abe803.png,e28cd570-408c-43fa-9926-1a01552e7ad9.png
26868829391_4ce698aba2_h.png,b4a55dcd-8d79-43aa-a23b-d59d2b5dff94.png
26939439385_5b317d764c_h.png,40fabc56-ecb3-4dbf-a290-c98c0e8162e5.png
26670166220_e6b74d789c_h.png,75905ee7-8066-4922-9e4c-f3f899ed9ee2.png
26943496605_4ec18265b9_h.png,75f84023-bd28-42c1-ae4e-3fa6f8a3d70f.png
26909526346_73fcfbebf2_h.png,b862df60-1c7c-40b0-b636-1bade3d444fc.png
26902950436_c84c846409_h.png,f40fc2bd-5acc-443e-b28e-65101197676b.png
26939435345_830dbe9066_h.png,58340b3f-84a1-4c7e-ad9a-9910e5444863.png
240796408_dca73a1860.png,11dd3099-0bdc-4462-9bb0-3909a3cb6445.png
26666957500_0d83463e28_h.png,faf7aaf5-4209-489b-8257-88591b76d52a.png
26333585034_288602eb4c_h.png,0efd4780-19ed-4b65-a7f3-64b17b71fbca.png
26848162802_9e3f582a3e_h.png,c00c37b7-14ae-49d2-8c76-60cfd40af47d.png
26330973964_3cb09fd50e_h.png,4177d5a6-f87b-47f6-a844-29a8e578eb40.png
26867285041_0c86c41428.png,2b466278-ae7c-49b6-a8ae-fac27cd777cc.png
26908365296_9828931326.png,bf14f8bd-e657-4255-b691-a06e2412a593.png
26939459685_dc717b022f_h.png,c50869c5-a419-454c-b32d-187e791cfa93.png
26935824805_8aef0274c8_h.png,e2d9e462-00bb-41a2-b3c2-ee92ffedc09b.png
26842605402_64dee22805.png,00d4fc22-edbd-4382-aa2f-8d1318a0abc6.png
26333826204_63b7820b1d_h.png,726e2af8-c8c9-46ae-98e5-d46ba3fb17f3.png
26842287932_b8384a5032.png,c304076d-9f36-421c-944f-b92e91e83034.png
26845319592_3ecf0ff235.png,6ec98a8f-6a1e-43dc-af8a-9c1048e51c40.png
26940597175_74cd5f6ffc_h.png,a7d704df-a467-4671-80bc-a32eb8b7be2d.png
26841702082_d96344de28.png,e29ed55c-3ada-4fff-87ec-28a6968834ef.png
26848117842_46ee3aa85d_h.png,3dce069f-ba1a-4a71-948a-1fb23cce6093.png
26903163246_5920e5de2e.png,87d97c2a-8854-4884-a9fb-6a602d46fd20.png
26905696926_0dd8c5c181_h.png,498d2f9f-12c3-469b-8276-fc7c86af66be.png
26331102604_424f975a6e_h.png,d7144370-3ecf-4061-9ba1-83dd76fb29ec.png
26339689763_99a397ff2b.png,c27b1304-5339-451e-8bfc-6e071a214eff.png
26337961604_fe358e993c_h.png,3d84ddd7-6ddd-46d8-9ffa-882a49a08b46.png
26867139521_e2b8abd640_h.png,d3f61ac3-5b5d-4f25-b12d-27a7733cc50f.png
26666413890_b2cc43db8c_h.png,a2b5c942-9fb3-4f3f-88b9-428ae497b364.png
26666410660_2ea0e0d3d6_h.png,be05e9be-e2c1-47a0-bafb-0dd9de60d68b.png
240796294_ee89c7e42b.png,c4379f2b-abed-495c-91ea-12deaaf925c1.png
26339671063_a4bd153568.png,08ae646f-7b49-4ac6-bb96-b08b5270aeb0.png
26337380833_35d182a4f2_h.png,b211d97c-b9a8-495d-b757-4c5ea97c351e.png
26938667965_2a4a2329aa_h.png,7357057a-8627-42f4-9544-c41dfdbdbddd.png
26842588142_ee500a4ed6_h.png,85445dbb-f59a-493d-a164-325e1cb2a73d.png
26904837726_992ce2868d_h.png,20bb8663-d03c-476f-8f97-c4972b2b3713.png
26337460293_2d439b3299_h.png,931beb17-216d-4014-b4b9-61f24b7516b2.png
26661275200_49323b20a9.png,fb9457ae-e1d6-4d8e-aaff-57794c3229af.png
26849734802_0c2f68e893_h.png,714fca79-1f78-46a7-9ed3-c7191e091bde.png
26337982244_f33788c052_h.png,13457136-8252-4d5b-9a32-0b14c7011db2.png
26328498044_144a622287_h.png,a1833070-53e5-4be6-95ad-61f724a20905.png
26904873056_b8f237c984_h.png,99fae855-ef0f-4693-a9c9-e96b239e3916.png
26904553286_5f68524108_h.png,09b142b8-c497-4a47-a9c4-dead19c89f47.png
26944241305_b7f23ce122.png,07a8c7e1-9eff-4cc9-ac9a-525313d5b747.png
26662622790_5db4bfbb7b_h.png,58011bc9-9821-4794-97ef-9b6e7f74c3da.png
26849924432_a844af4d28.png,d4f0efb5-2939-4b40-b2c0-3680da079e2e.png
26939444045_5e9e283d82_h.png,da13f468-e457-43f5-a39c-98137b4fa5f4.png
26938959995_273af64062.png,3d083cf0-20cd-4571-95c0-bd62d541c8c2.png
26872363951_0fd55a609b_h.png,83b8e297-fb1b-4a00-b729-61bce8660342.png
26875987661_069d2b1e9e.png,0512ea50-16c9-4341-8db5-6861e52a82cd.png
26904676286_a01f9891c7_h.png,27381820-5b99-4669-be2c-f167ef76db8f.png
26334259044_6f702a112b_h.png,90b65cdd-fa33-4a60-9f23-da6a7eb677ce.png
26937509885_1b50f1d729_h.png,f972ce62-27e3-425c-8027-cc37ef4023f3.png
15606831221_c49b07ea4d.png,5d110fc3-e86a-4789-abe2-b87900266ad4.png
26338167343_a8365f4f80.png,200e7ecc-db45-45ad-9760-465feebb4bf6.png
26333946663_b54f03c4e0_h.png,8cdc65c1-4a39-4a3c-a39a-2f75fa040379.png
26333683614_7305a7c925_h.png,5152c5a5-8e93-4bbf-8a29-6acc2bec5904.png
26338428464_73377a506b_h.png,741dc895-e5a8-4817-89ae-1f7561c62be5.png
26909343396_b6ea4d1ee7_h.png,987652d2-e2c1-4f47-ac9b-9e1dd1b62d11.png
26335949863_252fecb19a_h.png,a1677054-18ac-4a25-af8c-dff7dbe1b923.png
26665497040_cedd6bded0_h.png,70cccde8-bc12-4bf4-957a-10b39adc85e3.png
26937509175_72e0030ab6.png,43feabf1-bc14-4ebb-8b89-db98f0eb6929.png
26333468364_33a9315144_h.png,8e2786fe-cfb7-4d30-adda-480eed4b9068.png
26905364226_5901f288ae_h.png,b0352e04-e54a-46a3-a91d-dd4bd8085491.png
26935830555_7208655a8a_h.png,a039afd1-02e6-4992-b043-a78463db1493.png
26871960061_27fac028d5_h.png,0b303fc2-7bd7-467f-9bbd-d891ace3a594.png
26849157592_f5fb5531ea_h.png,81cbc71e-83cc-420d-b92d-5c37c4b9efbe.png
240796349_401dcb40d4.png,ae361074-6c4e-4ded-a304-e7b2fe5dc1b8.png
26906751376_c19ad0e760_h.png,37088fe4-476f-464d-b5eb-672272bc5e8a.png
26906142996_f39b16f45a_h.png,b7e0f576-fb14-44a0-8d69-4e93cd1bf065.png
26337184174_022c1a47c2.png,a228b41b-9ad6-4ad9-b177-60f438af4eb1.png
26939858375_17dcdf01f1_h.png,653f5354-3952-4f62-b388-4a00f2f86219.png
26335506744_54e6c1482c_h.png,740b4f29-be83-460a-941d-074e9bafda7e.png
26666013140_9663e9aebf_h.png,048ecd17-08d4-4ef6-a300-f54e699f9171.png
26332963293_c71086d6ad_h.png,10f9e5af-cde0-4213-aec1-c42cdb88a2f2.png
26336817054_b9d21ea98a_h.png,987d4cbc-98e0-4072-989e-6a0ce3dc9ccd.png
26843058922_3edcb62dd5_h.png,7cf18af4-b93d-47b7-a97c-a07c81df5418.png
26665527640_2e60bf9494_h.png,9cc68460-9ea5-4469-b2c5-b0739baa45b1.png
26337212313_6233e2fd9d.png,17009efd-00eb-44c4-bfbf-b548cf16cfa3.png
26937510715_9d37e4af47.png,1bfc0ed6-de34-4ebe-ad67-b32bb78c7110.png
26331141774_e3e27fdd2b.png,47e16fb6-6322-4728-9eaa-db2ceec97344.png
26904693186_0775560f33.png,40a2ac43-49e8-4af9-a049-c2821db80dbc.png
26666978940_4a30c8c3e0_h.png,8faa85f1-da01-48b4-858b-df7e8fa61656.png
26886345606_171f80508f_h.png,5f5abc6b-a926-40a8-b897-1031eca6deef.png
26905333286_3821a45616_h.png,6707a8f8-8309-4747-9aa2-39ce48a70d4c.png
26906683916_733eb91347_h.png,dac4dd38-8cfd-48cf-a02e-9028e314ac2b.png
26937888645_a4b97a08d9.png,8a1d557b-823c-4b95-911e-c5f8361b7f5c.png
26871834531_fc04897ace_h.png,fee34a22-a1bb-4c8e-b9a4-8e240f1d128b.png
26842584762_bb3638fe31.png,b8ce2230-7beb-4403-9ad9-2e9909fd3430.png
26665110180_f6f9f1bcfa_h.png,23750a0a-0e02-48c7-939b-309434cdfba1.png
26662609590_45882a4acb_h.png,3fa20fd4-b307-4fc5-8198-69f3ba115ec9.png
26843243502_d520cd9796_h.png,e85b5bb2-1a6a-497c-867d-4b858ece5f43.png
26938524535_62f3930002_h.png,ba28b1b2-253d-4f09-a022-930b53a6aa64.png
26935843295_dad55d9c3d_h.png,b5ddcd15-dffc-4c56-afda-40bee40a8101.png
26904955926_b16978aceb_h.png,982bbcf4-c2f7-45f0-acbb-25a4b4c89ec9.png
26332500104_dafb3a57a8_h.png,694f14f3-b6ff-4e11-a092-ead210f830cb.png
26332534423_bef42121b5_h.png,8afc8b1c-87fa-46e0-bba5-43c33c8a6de4.png
26870152971_e9f69a46f9_h.png,eedb92c7-4e06-4782-95dc-859651d5bcdd.png
26937927735_e83c221426.png,52e7ed6b-82ec-40db-82ed-b1f439ed374e.png
26663526650_c565baa3c6_h.png,f53ba074-19e9-4a60-a805-d5522d6dd475.png
26334864354_7845ebd031_h.png,930cba04-7ae6-437d-acd0-a926d855e6f3.png
26336817874_6bba1fd22e_h.png,6c8fc395-ca75-49b8-a326-4bebfc0d44c2.png
15423381218_f5890f9b1a.png,417a221e-478d-4640-88f8-0288c79b1fd0.png
26908149936_56745afdc4_h.png,060b62f5-9ab3-40a1-a528-96fa1aa2ed80.png
26333528214_5398004cb9_h.png,a3d3053b-656e-4470-9aa5-8c87495cd53a.png
26333036594_9c4d136698_h.png,bb86ef22-afb5-4dc2-9445-d6f4bbcd1780.png
26841404582_a77a2ed9ea_h.png,ed775717-66a6-4cd9-a3da-37acbd522ebb.png
26666148020_d84b6b2ddf_h.png,ddeabf18-1ced-4334-b4e0-7ab90d7726a5.png
26935852465_9b51870e68_h.png,f60cbfe0-56b6-4587-9bb9-9fb3d7ad722a.png
26331101904_1ddecb198c_h.png,b5e47c75-b1c6-4781-b2f1-911f82f2944e.png
26940495565_52598ff5a6_h.png,453b86ad-50d6-47da-9137-bcc066e4cff1.png
26939103235_ca3ced7ca1_h.png,d35c36e7-3edb-4570-b62a-61c6d1b4c4d3.png
26849746032_7e453ea583_h.png,c19bf0a9-564f-4900-bec8-dced3705e636.png
26333619913_540f910a31_h.png,860aa70d-20e0-48c2-a16e-217a025246a6.png
26843544462_466b344f71_h.png,fd99d424-2112-419a-adcb-9713856452f6.png
26938248665_1fa660156a_h.png,232035e3-b2a8-49a3-b40e-7762b7103635.png
26667068920_156ce5569a_h.png,0a254272-8222-468a-bb18-e9c9b80eb260.png
26665263770_f8d2160fd3_h.png,3627d18b-86e6-4234-9313-bccdd944544c.png
26843752592_4dae093c50_h.png,7deeb1a8-36b2-4b01-961b-e6965551fa9a.png
26872595301_05aacb1b2f_h.png,b6866d9e-1e52-450a-9b13-1b3b92d1603a.png
26871904971_07d51a483a_h.png,063023d9-c987-4dd5-80ee-35f0a5c4a3fb.png
26335772673_08c5fadb85_h.png,d02f8bbe-3690-45dc-bf98-30048e40ecd0.png
26336418474_712fb0ce29_h.png,49e5ab53-e897-407c-bf62-69fe4ff84baa.png
26337142724_141a7cc74e.png,36dd270b-2788-4983-9a1b-73f18c8a92a1.png
26334780593_b8a527b8ca.png,8f7e6653-32ac-42b0-a8d1-a6951a6305db.png
26937910395_2cf3a98a78.png,ab5e5867-6f2f-4784-a8b0-96bb9cc9d4c2.png
26332323073_ea932627ac_h.png,16da7025-dd2e-4c73-9679-d16af42b2571.png
26331764434_eefaf5185b.png,52a9468d-64d0-432d-86a7-f9abec4cb3ff.png
26938198655_10c8a33407_h.png,566ca773-6de8-4210-b7f1-a34a7e4f84c8.png
26336267494_ca395b47f2.png,146bdc8e-07f6-4708-a105-78001a9558cb.png
26938370665_c4c37ba75a_h.png,955cdd0c-687c-4b49-8953-4ebe497bbb09.png
26843066322_dc9d43a597_h.png,fd4ceb34-11b4-4738-b204-217f27ef4fd4.png
26670488640_8b583ecd06_h.png,348990eb-5b00-4b28-84e8-aa4f6c6f8d4b.png
26868821241_e458ff8c07_h.png,249b3bae-184c-494c-a21a-6f4458a8a20d.png
26664853400_ee3a4d1030_h.png,99e51114-1c98-406d-8e42-50ebfe1e6f05.png
26846052552_744871b0c4_h.png,9b0593a2-6db5-4869-a749-8cd41ece90bf.png
26334787633_ef291b4abe.png,0cef0996-1cc7-4beb-a618-6f6450b8c7bd.png
26937920925_a96ca4008a_h.png,964d392c-47ba-467a-aef9-157b1fb847fd.png
26332861143_73f80b81a8_h.png,5c80a145-0c8f-47e7-88bf-69350eda1f24.png
26336338194_3664ce6416_h.png,a69e24c9-e860-4fc2-96be-73c358bebf15.png
26871751441_3c3cf750cf_h.png,e354584e-d747-4908-888b-e76472de4db2.png
26936892645_3081670347.png,c35e4cce-908f-4f3d-9473-587b5df66c5d.png
26662575480_5f961ea824_h.png,de1a0b5e-b518-46a4-9453-8d947fe99187.png
26664860450_866c5183e7_h.png,0434edda-d15e-4a29-b606-d4dce52d5494.png
26334720643_146713d0f7_h.png,39d8adfb-3245-4fa5-9179-f38a2e14e873.png
26841244332_c32d121461_h.png,ade965d5-7561-4cb0-b91e-f19168840271.png
26906812466_aeab250edf_h.png,c56d8bae-0f76-4725-8652-0ddddd32585b.png
26874476331_601d7e9e52_h.png,de380bf7-fd1b-4496-89f8-5c655cfd5d6d.png
26935851405_5d432565a4_h.png,0e10207f-185a-4641-8b3e-19225e7ea5db.png
26332316783_2f7046e67f_h.png,2a3feed5-dfa3-4ad0-837c-d71969029f66.png
26666148560_95f01b9973_h.png,e21fb157-9f73-4da5-b55a-800b0aa96f9e.png
26870101511_8bad2d448e_h.png,867a9874-6a5d-4033-8d2c-fe0b353ef28b.png
26663527710_9edc2c1a9d_h.png,680ee450-1b5c-46b6-a406-f8e7e2f4cdeb.png
26339780833_64d4b49625_h.png,3afceda1-f661-457b-a965-522b69fd56b4.png
26337215343_e5078222c8.png,7de51bcc-b976-4b11-8a13-a5ae99701c2f.png
26337135064_38c4094cfa.png,3f033c75-9e59-4b25-9099-8c6f8179a91b.png
26872404801_7f845a5fff_h.png,305e4b03-3790-4a2d-b3b2-91b25c458c1b.png
26333298044_05cff2260c_h.png,e891c565-1bc6-4bc0-9c50-8072b5ebd1bf.png
26336959253_1fb0e06351_h.png,d81b9d46-52cd-484e-9cfa-32dd59366d07.png
26841432612_550e658e82.png,47ba2730-e1b7-4bca-ba12-a1123a043c42.png
26334251804_9e2815d8c0_h.png,72706704-9c7e-40bb-b987-eb58fdc318d8.png
26937503775_a35226e9ae.png,10994dc3-e235-4764-937b-dc6cb0185261.png
26330811464_22034f3c5e.png,aecadeb9-ad2f-45d2-be86-920a30f884af.png
26842521032_331e2f50fb_h.png,b703a956-8e16-47a1-85c5-897199ed7638.png
26335077044_1dd74c300a.png,e3c61922-5483-4953-92cf-58b070c1bd36.png
26337406224_026e6745a5_h.png,a3b05f24-b6d0-4d29-89c5-5d1cfe694061.png
26338600184_640001d430.png,85dbf208-cbc0-4803-b4f1-80bd90c48fce.png
26939468545_fdcdd2c47c_h.png,9015d48e-d81e-4787-bc43-237f0984770c.png
26843773252_78e9dff07b_h.png,64ba61f3-6951-4b90-82c9-5e5c0ab01436.png
26941742525_aa788cefea.png,eab1d063-e24a-4819-af24-d436c3139c1c.png
26867879851_54727cfcc5_h.png,dcadb856-164b-47cd-ab3b-b627fa934745.png
26667048940_d47fb04136_h.png,25fced34-ce20-48bc-bd75-bac7a42424b0.png
26936851335_c3446483a9.png,ca77bbbd-3178-4fe4-8ea3-e723b386d433.png
26337409794_bca4040c0c_h.png,82ad3dc9-9f7e-4a03-bdac-2c00894fb0e2.png
26843399992_01f75f1fd1.png,edeeab6d-5641-4ed6-b619-438e200184d8.png
26939877455_a84b83accb_h.png,f5ae7671-980a-43b5-a059-15734ee5fe06.png
26327110884_b8b62ee643_h.png,05fcea8f-80d1-461d-812a-d653dc957281.png
26872541341_e462d1ba9e_h.png,1ec1fa53-6f64-4ea3-a9f3-db57ff592174.png
26662604840_f7e4cffa1b_h.png,9b9ebb96-43ee-4985-b4be-c3b1d7258cc4.png
26332029513_a9aa72a287_h.png,f1926025-1480-4fd6-b97b-7a438f4e66ea.png
26667666260_e883664c5c_h.png,6908f8ed-2d8e-4189-acf5-67ce0e1b27ce.png
26842559932_d91c9afa44_h.png,8e6e97ce-dba7-4a24-a9bd-35963af295a5.png
15423495447_d3025224a7.png,f2513337-9848-4696-977d-02c28ce03cc4.png
26338380444_17dc8cbd49_h.png,7bc199fc-8b75-4436-9a30-46f29df6c90c.png
26338179253_8ae8ffee53_h.png,673b0b00-d484-4d6e-aab7-bad1178fb861.png
26332322413_48cb773850.png,71507da1-eaf0-4de7-b18f-0a4698c22a21.png
26333202843_d98fb64aa0.png,b677a42a-31c1-4e11-ae14-e4b073ebc4ea.png
26334159613_477667cce1_h.png,1ad65e80-4f2c-4074-a36a-6ec0771f96ca.png
26331108124_93452a93c0_h.png,d13001da-454f-4bff-8324-aaf0e0283000.png
26936841235_3a835b69a3_h.png,0833aa6a-c340-4abe-8e6e-f5d98567fe8d.png
26872315201_fd427ae96b_h.png,9de3d2b9-de74-4015-a2b1-40fcb34bb696.png
26903793306_dc6f9bfdf5_h.png,14ad9aef-bbed-4184-add9-d1d4370426d2.png
26338572353_dddc5a9ec7_h.png,577aea57-cbc5-4ec7-94f7-6df7d9672b90.png
26335936253_65bcb06e0b_h.png,d92799a5-dd72-4ede-9044-075c5eb4d810.png
26848052792_0df69a4976_h.png,0098003a-2813-41d5-8d7a-523f19aab517.png
26937912395_ebf2b2f806.png,c560f7b8-0d2e-4f50-ada8-cc269f143c3a.png
26841599822_29c8bfa0bc_h.png,d08d13d2-c36a-4ced-a3b1-442786070e14.png
26940085905_af3ae38364.png,1ed845d5-9ade-4a2e-b83b-8d57a314c04a.png
26849747802_bc9a2c3d92_h.png,5141fb32-a9b6-4e47-8dde-0a378e51b728.png
26936877765_e13b6ee5f9.png,da57bfcc-f2ef-44ca-b2d9-a29b20f10fac.png
26870573131_b36372afb8_h.png,44cf8cca-bbec-492d-a79d-94e2a8b5bd85.png
26665253620_be5a3825ad_h.png,8e9bb2e3-5bbc-48b7-87f6-7b50a483f217.png
2546342020_5ec430814e.png,21718e99-8db0-4a0c-98a4-caa2de7f2691.png
549545712_4d0c13a814.png,524aefb4-dd1d-4ed4-9cef-e8f89f98a0b1.png
26838698822_94dabcde77_h.png,6378174d-a3f5-46f0-be0c-2e25e5c0f687.png
26664801400_32ee6969c4_h.png,d9208904-1751-4fd8-a5cf-670b292ab2ef.png
26905011916_e6e34f6738_h.png,8f225ca2-39b3-42f9-b44a-2477fd36b4c6.png
26903125996_ecbdcae4be_h.png,8707d1db-2673-4793-9e86-95091d06a75c.png
26905594106_141970a743_h.png,f72f69f7-6b42-4f63-ba1d-b18f77db8288.png
26664373640_a6e7e5c741.png,a79d9bf4-c487-4c15-9dcb-d6bf0ef8ff3f.png
26844651412_c45ebf66e6_h.png,0a9e6eab-5ef9-4eb4-8ead-a69c9286565a.png
26904662406_400b7833df_h.png,e84d2a36-21f2-40d6-a234-640a3755cad8.png
26334439094_5c15ba0b38_h.png,b3941fed-6496-483b-b42d-9421962754c0.png
26871830711_a926e6a56c_h.png,646e6eec-aba0-4b08-a850-d63f65221cc6.png
26845498682_c7a031a1c5_h.png,641ec7b1-0afb-42f4-9038-1e62c0113f5c.png
26330204114_fb7b8f1292_h.png,2f29c6f7-eedb-4286-a373-6c755c903857.png
26664606740_2e1eaa1f23_h.png,c65d5e2b-95db-4494-8611-8e0dc282e597.png
26936847935_7e24e43937_h.png,f85dd267-0882-4d13-be16-a3015c07a73c.png
26899016676_950fd3c5e3_h.png,6d866ca5-4d41-4ea8-a447-06be57de5296.png
26335853013_2964d82f51_h.png,09bb9239-ea54-4a0a-93de-f1ca8d3aad3c.png
26841597442_39a87703d8_h.png,ad7b0a0f-f2d2-4185-9a03-8de0b1944354.png
26841599082_3efd19589b_h.png,ad296296-d851-43e5-8e7e-ae567901d524.png
26937919045_f0494ca411.png,89ef80e7-ce19-40cf-8ee8-d91812364a56.png
26335525234_25c188a7a6_h.png,408bc4d9-9aaf-4b05-a779-ab27b7ee8dfe.png
26327110564_fb2b24f84c_h.png,444fd722-6c2e-4c44-98b0-0fbe40feea74.png
26331095174_aa1979ae2b_h.png,07c06085-fe96-4b48-a628-cafce0796370.png
26870959431_d176ef6c15_h.png,04188737-9ee2-44f7-9bb1-cd108311f307.png
26943615205_2483f8021f_h.png,7961fb5a-3179-4de8-858f-d3ec5c95f765.png
26937883885_009f7076b1.png,3297256a-8a21-4bf8-9049-f4ab7da08228.png
26334779013_eacc81b31c.png,d008fc20-af98-475c-86b4-8a771aa86c18.png
26906995646_c834bf377f.png,19a3948e-a360-4c33-a149-e3b3809c6493.png
26903165176_65a6c57611_h.png,a7c0fd81-bd55-464a-b0a5-027a3d268b61.png
26905576206_cda248a585_h.png,f5643785-6186-4158-8eb6-3fde16cad666.png
26844178912_9077aff950_h.png,d154249a-d89d-4f11-9289-24b806ded97b.png
26944214095_aca65ce00e.png,f158b7d8-fce7-40a5-90d5-12710639ab63.png
26908259356_38d0227f9d.png,55ee7c4b-fbc9-4fcd-9fa3-38e66cf77fc3.png
26868823971_68f12fef1e_h.png,3f942c3e-7f5d-4ca8-855b-eb1362c931f5.png
26327109494_bc76fbcfc9_h.png,1d15e0ed-07af-4e58-9f0a-439134dde4fb.png
26904302526_e027464207.png,546b6d3e-b5ca-47f4-896f-f7c3ac338c03.png
26905569296_b4e699e486_h.png,8669d430-2117-44fc-aae5-1674058334fe.png
240797614_9cd5c4a83d.png,604902e1-149f-4e14-a36f-26846f6f7012.png
26876003731_6c7cb14824.png,50ee8111-c32b-4cc1-80c3-849a04c24c52.png
26867879591_82d8c84386_h.png,3a769b4d-b732-4b82-a350-cda10a9f83e0.png
240796185_75ff2b1cd2.png,64567715-0d32-4b9d-aaf0-7179f5a722c7.png
26869658171_8903468dc9.png,3f3ccbe2-3dda-4b7d-b123-251d952e2e8e.png
26667614890_456432fb10.png,d74d669e-169a-46bc-b6f7-ea9bc64d2843.png
26940399285_e2ec9cbcfb_h.png,395ebfa8-fd14-450b-9938-49bcab6c435c.png
26937690995_e493ee3a7b_h.png,cc3a46e5-333e-4938-93cc-aeff9f07e966.png
26338383524_b5df383e4c_h.png,b93fd1b5-9631-417a-8937-56b6f7c2f149.png
26843886392_89b376f288_h.png,9dfcdeaf-afbf-4188-8581-08e35f765e2e.png
26331118714_66db70ce47_h.png,61bd0e8e-5065-4611-b1ae-0c396f5ef712.png
26940428205_4fca481650_h.png,324c1720-6640-4a33-a13b-dc518f0d4521.png
26659613380_95b79b4be7_h.png,630e3de8-7831-4858-ae69-5615ef48e1ca.png
26849730362_10e5a870c2_h.png,6d8e9874-b424-4071-b6d4-67990d877983.png
26338645614_77875ec77e_h.png,f26e3459-bdd3-4b36-88aa-ace9f18f375f.png
26867878231_0336caf8e7_h.png,3f3296f1-78d2-4c07-8d3d-822c41977708.png
26869817191_cd8d8f338a.png,8c752f30-d99e-4c7d-9952-5ef4aab79e62.png
26941352445_59253166d5.png,fab57bc8-c327-4729-ac6e-4d4ca1cebee5.png
26936881355_804225515b.png,1935d114-4c8d-49dc-80cd-e5c8ad3ea29a.png
26337752894_cde9d93e0a_h.png,77c2cb9d-6474-44c3-8fcf-822b8ef20e42.png
26842593692_83eb1b6a1b.png,bef310c3-7366-4dc0-b20d-1461fc049a6c.png
26939859185_d00dcc10a8_h.png,68467ae7-a035-4b66-9c38-9837fe7e93bc.png
26870160481_dd312211a9_h.png,e71f7ce9-714e-49bc-9715-8f49b5ff9af7.png
26849749002_689b64377b_h.png,263cb80a-2d3b-4bdc-ab2a-f62ba7c3b8c9.png
26868833641_0dfbc5a2b4_h.png,46f8120d-ee63-4c4b-b908-d0a514d63ed9.png
26331398103_26a9262a1a_h.png,e8b6d91e-c3fc-4a57-b90a-cd67b9bda329.png
26843188822_15aa37063d_h.png,b185c2e4-ae66-47e0-bccf-4ebe7c890218.png
26903152976_2b1670b366_h.png,bf6c4747-b191-4643-92f8-b00927f6bc47.png
26336730643_ded57546ad_h.png,4e74e315-e5f0-4547-b2d5-e163240a762c.png
26870536641_c0fe78ddbc.png,02d59eb5-c2ae-4b02-8335-91440b5632c6.png
26907062306_b02a709b97_h.png,4afb320e-b182-4a6e-8aa3-c9b21632a38f.png
26667106040_cecefee6c2_h.png,333d403b-4702-44b0-af6c-671097ad79dc.png
26843058032_9b521e5a55.png,7ffe665f-c569-4a16-a97f-33fa5e6e28df.png
26332311693_51cd6eadde_h.png,504e8c57-e881-4c84-a384-82b93aedae17.png
21497415162_1066c3ec4f.png,cdabd6f8-6854-4f23-8ab7-e9ca4b548d83.png
26332316333_39dd754c41_h.png,1973f879-09f1-44ee-b062-bb675624a53e.png
26935836105_4bc6268625_h.png,235a7bc8-f2e7-48f1-849a-099a1c514172.png
26870971591_6b9f79617e_h.png,312338b2-dcb4-46c8-a055-1b127008bca0.png
26331761864_fd90b76010.png,963ea92d-13a8-4108-b930-281b71f96151.png
26332305533_353ea36bcc_h.png,d052d28a-f1ac-49d5-9077-fdb757ec2e23.png
26936429395_94cc1db8b9_h.png,08cd6d1b-ed4a-4b20-b6b9-bd34a19008c2.png
26662606020_4eb2483da3_h.png,e9d3454e-ef0a-403b-8ee3-d4adea7c77a1.png
26338549114_589f8f4f6e.png,dc1afadc-d71f-42b9-8732-530f2652f134.png
26874802681_3b0c45b7b1_h.png,534544db-4f99-4ef1-85cf-c860a3f1c033.png
26334044073_5d037325e2_h.png,770c24b8-2b0f-486b-a506-71bbf6e21c24.png
26339644173_7edaa44c32.png,d8d56b0f-30cc-4fe1-809d-df8ddebd695b.png
26845027582_84bd6f4e07_h.png,dbde8ac6-8ebc-4abc-a5c7-17382e35515b.png
26843738862_afd3cdfff9_h.png,cbd1ecaa-ba9b-4e7b-94ff-7de87cf67483.png
26331066694_62d7946d53_h.png,2f53f37b-63a3-46b7-8f44-0f9d0e5f7d23.png
26846554332_8586012653_h.png,cec579a9-85f0-41e3-9ea1-ef2bfea60c46.png
26903839616_72b01eb301_h.png,af793f30-4eb9-47c9-afb7-011eb9d69abd.png
26838702702_52e369ed54_h.png,c2751da8-2a9c-4f0f-93e0-864e578ac177.png
26905725836_265205e522_h.png,cb51745c-6d2d-478a-9a21-617f6b5ecb1c.png
26331095844_ea78b59854_h.png,4845e04e-ab83-44dd-9fba-8fd714cf9a4a.png
26939439115_c008edfc89_h.png,5179851f-bc9a-4abb-991d-27da7e13e7ea.png
26937216815_b6861db803.png,f48f36a2-1172-4623-b88f-ee3bcbe20ca5.png
26938635115_e1829341aa_h.png,8895b667-c725-4f1f-a7f0-13d99d8f9107.png
26330982183_1fde262a87_h.png,da653c6e-1d08-4b3b-ba43-7ef9c5276bb4.png
26848126222_05a4b9d291_h.png,ba27c564-3a2e-4967-a629-40a1293bdeac.png
26333991193_8e0b94b33a_h.png,ddeaa85e-a269-46e9-9770-b6929e3093da.png
26932801965_b64175c763_h.png,293533a0-59fa-403d-9ddb-640db6992a77.png
26662608570_4639e73f8d_h.png,118938d0-b638-45aa-9b82-f9e19db06d95.png
26662575160_61ae3e4b81_h.png,df887bf6-5a38-4a6e-886f-1322693ea52d.png
26818022486_170fffdcd0_h.png,1d0d0e96-29cb-466b-a49a-59f8293d03a4.png
26874645461_12e034f04c_h.png,77e597ed-4c5d-4cac-84db-f3babdb1fe8b.png
26902883576_a29015d741.png,2b7452f9-8cda-4ad7-bea4-3200c031e03c.png
26843812302_d5732a4b33_h.png,577aa1fe-49ca-4f7b-8b66-9d19a03ed6d6.png
26903743756_4d971a3af7_h.png,2009f266-06a3-4ba0-97db-abfaf525b5b2.png
26838703532_90b3df04c4_h.png,5a2c7682-5108-48fa-88f6-3de685b0585a.png
26838681972_44a312878a_h.png,e75762d8-7654-4293-95b8-2c7fc2642288.png
26843102362_fce3de3b06.png,84a855a1-66c8-412e-adf0-a4fdab97f975.png
26940609825_320e411fde_h.png,3f415b66-ffb1-4b2a-9fcd-8a53f81727fd.png
26942480475_4e15675009_h.png,35be74c5-457e-4f3c-a891-50036a825d54.png
26843733292_e6d76657ec_h.png,86c8ed6a-bbcb-4818-98e8-97a809a38df1.png
26332040074_53ed6e545b_h.png,455c1dfd-312a-45f1-bfb5-d081c5baa49d.png
26846061152_863f890847_h.png,fb29fa09-1a07-46f7-ab27-4daa4b8b7a1d.png
26848228052_b2f4fa66e9_h.png,69e0122f-ee2d-497c-ba11-f91127c54cff.png
26332484824_067ad63a23_h.png,ba68d887-569b-414b-99bc-37af56b3f363.png
26940450475_1e16103e28_h.png,90ff1040-9b89-4d38-882b-09466867266f.png
26331117884_3786bdd1db.png,779c2fbd-aec3-495f-9892-ca431b031dd8.png
26331775884_84147241b5_h.png,59e1070b-9852-47d6-ac1c-bc0866e52677.png
240797880_eccf2d13fd.png,0df742d9-eef1-4dc6-9668-700e9b3dc19b.png
26846112152_60ab3cb9bc_h.png,076f05d4-217a-4e95-8128-4817b4e78176.png
26338863023_75726d600d_h.png,107af345-5d5e-4e96-aa79-172dc9d47e45.png
26844809452_2a1b297a15_h.png,b24c1e01-8630-4707-8770-79537d60e4b2.png
26902534156_e34028ca5c.png,6532339b-0216-4f49-8e58-58f7d7d0dedc.png
240796973_7a137b9236.png,aebeda54-c671-4681-9a43-f7a921bd1fba.png
26910513036_fa1652c49f.png,3e4c21ad-55af-4947-aed8-62eb7c8dfcf4.png
26327112474_4c7bc3deb4_h.png,c528dc77-8c8a-4442-b21b-c26869612c44.png
26874903291_457c1806bd_h.png,be037128-277d-4ada-bddb-199039437a87.png
26331099504_756f32593c_h.png,af000f5c-0eb0-49b6-883e-ea788f0af5ba.png
26670100750_72c9d3e69d_h.png,5ad6cba5-7e09-4d31-9aa2-08a1b2b1c207.png
26669638680_36a10e736b_h.png,7bc7d3a1-c6d9-4ec0-a8ed-eb4f93a54f35.png
26906904716_12f1d718ed_h.png,52d0aa06-23fd-46ac-889a-da2313f2df3e.png
26903524606_c794547597_h.png,ed5189f6-62cb-4680-b82e-b2ef7bb0277a.png
26936489075_b7177ab3d0.png,ced9e033-fabe-436b-a76e-d291331535ec.png
26337239903_08a54c2d12_h.png,83395861-b9f9-4a82-8e78-7dfefd3e8e31.png
26937893745_1b408c600c.png,37bb3ea4-4c1b-4e19-b0d0-6db76232bad8.png
26336418304_147512ba19_h.png,c283664d-90e3-4859-bc01-d3af278605dd.png
26661260340_d4032dbef0.png,4ee49a4b-1eb5-4112-9df6-7403baa9a4a5.png
26332563794_973ce6410c_h.png,b68da161-3d85-41bf-889a-d2e940f7334e.png
26337207683_08baa7bd82.png,1644860f-3b91-4f40-9850-fc502114faed.png
26902433076_61fd5ca810_h.png,62e11548-1abd-4f47-83f8-025383703b80.png
26332227803_4bc2bebe36_h.png,8043fc68-65f5-455e-929f-175af05baf1b.png
26331765334_0792a06f18.png,b1a20357-813f-4a52-bca8-720f4e0ec506.png
26904047146_18ca83cda4.png,997fd276-6818-4099-9cba-73fcc21f44d3.png
26868135611_38f2915d6b_h.png,bf72f739-2716-4789-8f46-f4835969c90b.png
26844171202_0f08349395_h.png,3e55bb8b-f108-425d-8d84-7d1adcf95e8f.png
26331117594_c37c192ddb.png,9b78108f-9ac3-4e34-ba75-e6bb93878a96.png
26662606820_7716a55c0a_h.png,06486835-119e-4f0c-a934-2d145c177b0b.png
26940474785_a8e2304223_h.png,7c3f60a1-ff08-4c93-849f-771722133c75.png
26869632831_5edab6bfb5_h.png,9fbf9309-8a2f-4aca-b8ea-96bad41fe560.png
