26868839821_ced35e9b00_h.png,ef9d5fa5-3606-4141-afa3-5aa8462df79e.png
26332883513_1d32cd63f2.png,ef9d5fa5-3606-4141-afa3-5aa8462df79e.png
26905550566_9b73e3fdb4_h.png,ef9d5fa5-3606-4141-afa3-5aa8462df79e.png
26905696926_0dd8c5c181_h.png,ef9d5fa5-3606-4141-afa3-5aa8462df79e.png
26940345725_f0464d23b4.png,ef9d5fa5-3606-4141-afa3-5aa8462df79e.png
26339719983_5051194bd6_h.png,ef9d5fa5-3606-4141-afa3-5aa8462df79e.png
26332356643_e3638d3d37_h.png,ef9d5fa5-3606-4141-afa3-5aa8462df79e.png
26870141681_6bc97ee565_h.png,ef9d5fa5-3606-4141-afa3-5aa8462df79e.png
26337216353_b27883e664.png,ef9d5fa5-3606-4141-afa3-5aa8462df79e.png
26662376110_0e81324e13_h.png,ef9d5fa5-3606-4141-afa3-5aa8462df79e.png
26669435390_9dddcc275c_h.png,ef9d5fa5-3606-4141-afa3-5aa8462df79e.png
26903152976_2b1670b366_h.png,ef9d5fa5-3606-4141-afa3-5aa8462df79e.png
26909837376_43336c408d.png,ef9d5fa5-3606-4141-afa3-5aa8462df79e.png
26335525234_25c188a7a6_h.png,ef9d5fa5-3606-4141-afa3-5aa8462df79e.png
26333013623_b20654bebf.png,ef9d5fa5-3606-4141-afa3-5aa8462df79e.png
26904526016_751c8c09b9_h.png,ef9d5fa5-3606-4141-afa3-5aa8462df79e.png
26871751441_3c3cf750cf_h.png,ef9d5fa5-3606-4141-afa3-5aa8462df79e.png
26333826204_63b7820b1d_h.png,ef9d5fa5-3606-4141-afa3-5aa8462df79e.png
26909343416_98de5da55e_h.png,ef9d5fa5-3606-4141-afa3-5aa8462df79e.png
26336905983_8de1fd9170.png,ef9d5fa5-3606-4141-afa3-5aa8462df79e.png
26662607620_57fa188787_h.png,ef9d5fa5-3606-4141-afa3-5aa8462df79e.png
240797422_b3b972d57c.png,ef9d5fa5-3606-4141-afa3-5aa8462df79e.png
26932801965_b64175c763_h.png,ef9d5fa5-3606-4141-afa3-5aa8462df79e.png
26869658171_8903468dc9.png,ef9d5fa5-3606-4141-afa3-5aa8462df79e.png
240797205_cab7789464.png,ef9d5fa5-3606-4141-afa3-5aa8462df79e.png
26937428255_94496cd4cf.png,ef9d5fa5-3606-4141-afa3-5aa8462df79e.png
26334469623_1611a462e2.png,ef9d5fa5-3606-4141-afa3-5aa8462df79e.png
26670166230_33a6c1239c_h.png,ef9d5fa5-3606-4141-afa3-5aa8462df79e.png
26838703532_90b3df04c4_h.png,ef9d5fa5-3606-4141-afa3-5aa8462df79e.png
26667106040_cecefee6c2_h.png,ef9d5fa5-3606-4141-afa3-5aa8462df79e.png
26838697242_d78339a8c4_h.png,ef9d5fa5-3606-4141-afa3-5aa8462df79e.png
26846220742_d16b16beac_h.png,ef9d5fa5-3606-4141-afa3-5aa8462df79e.png
26904619986_0f1ab33343_h.png,ef9d5fa5-3606-4141-afa3-5aa8462df79e.png
26935836105_4bc6268625_h.png,ef9d5fa5-3606-4141-afa3-5aa8462df79e.png
26940603005_927c340456_h.png,ef9d5fa5-3606-4141-afa3-5aa8462df79e.png
26336643843_05a4d8cd18.png,ef9d5fa5-3606-4141-afa3-5aa8462df79e.png
26849027892_76921866b0_h.png,ef9d5fa5-3606-4141-afa3-5aa8462df79e.png
26904618766_b419857107_h.png,ef9d5fa5-3606-4141-afa3-5aa8462df79e.png
26338428504_c1da3d281d_h.png,ef9d5fa5-3606-4141-afa3-5aa8462df79e.png
26870573131_b36372afb8_h.png,ef9d5fa5-3606-4141-afa3-5aa8462df79e.png
26332322743_2bc6227895_h.png,ef9d5fa5-3606-4141-afa3-5aa8462df79e.png
26938804685_608d133993.png,ef9d5fa5-3606-4141-afa3-5aa8462df79e.png
26904702316_4a651b7b9f_h.png,ef9d5fa5-3606-4141-afa3-5aa8462df79e.png
26331862664_1104b8ef12_h.png,ef9d5fa5-3606-4141-afa3-5aa8462df79e.png
26943022565_a483de664f_h.png,ef9d5fa5-3606-4141-afa3-5aa8462df79e.png
26663525730_fc3b209298_h.png,ef9d5fa5-3606-4141-afa3-5aa8462df79e.png
26670773490_013e21e8b9.png,ef9d5fa5-3606-4141-afa3-5aa8462df79e.png
26846172922_624147bd5d_h.png,ef9d5fa5-3606-4141-afa3-5aa8462df79e.png
26846516312_451be2cb0e_h.png,ef9d5fa5-3606-4141-afa3-5aa8462df79e.png
26661858330_2f28f37e78.png,ef9d5fa5-3606-4141-afa3-5aa8462df79e.png
26663495330_3b6a88ad22_h.png,ef9d5fa5-3606-4141-afa3-5aa8462df79e.png
26944253275_124319974b.png,ef9d5fa5-3606-4141-afa3-5aa8462df79e.png
26846223142_7913e8cb93_h.png,ef9d5fa5-3606-4141-afa3-5aa8462df79e.png
26904692416_ddd202d810.png,ef9d5fa5-3606-4141-afa3-5aa8462df79e.png
26909149436_c8c7607fa8.png,ef9d5fa5-3606-4141-afa3-5aa8462df79e.png
26332636764_052b8789c2_h.png,ef9d5fa5-3606-4141-afa3-5aa8462df79e.png
26937935265_7e7acd274e.png,ef9d5fa5-3606-4141-afa3-5aa8462df79e.png
26875988981_84939af542.png,ef9d5fa5-3606-4141-afa3-5aa8462df79e.png
26937507075_806505b355.png,ef9d5fa5-3606-4141-afa3-5aa8462df79e.png
26661814930_30042e7871_h.png,ef9d5fa5-3606-4141-afa3-5aa8462df79e.png
26335947453_2784971391_h.png,ef9d5fa5-3606-4141-afa3-5aa8462df79e.png
26906139666_dfb78f3c0e_h.png,ef9d5fa5-3606-4141-afa3-5aa8462df79e.png
26905021956_c31049cc0f_h.png,ef9d5fa5-3606-4141-afa3-5aa8462df79e.png
26335728753_f37c475c39_h.png,ef9d5fa5-3606-4141-afa3-5aa8462df79e.png
26937549385_fa8277d6a6_h.png,ef9d5fa5-3606-4141-afa3-5aa8462df79e.png
26838704902_c3578e4a5a_h.png,ef9d5fa5-3606-4141-afa3-5aa8462df79e.png
26872537591_b216b1c82c_h.png,ef9d5fa5-3606-4141-afa3-5aa8462df79e.png
26908816336_e427c04a42_h.png,ef9d5fa5-3606-4141-afa3-5aa8462df79e.png
26666964380_ea203b5d91_h.png,ef9d5fa5-3606-4141-afa3-5aa8462df79e.png
26666180250_b25e0d73a8_h.png,ef9d5fa5-3606-4141-afa3-5aa8462df79e.png
26848628662_bd8c1dbee2_h.png,ef9d5fa5-3606-4141-afa3-5aa8462df79e.png
26902892856_c94179535f_h.png,ef9d5fa5-3606-4141-afa3-5aa8462df79e.png
26842521032_331e2f50fb_h.png,ef9d5fa5-3606-4141-afa3-5aa8462df79e.png
26848047062_256a7e775e_h.png,ef9d5fa5-3606-4141-afa3-5aa8462df79e.png
26668288110_cec65ac3db_h.png,ef9d5fa5-3606-4141-afa3-5aa8462df79e.png
26843056052_f485efa50e.png,ef9d5fa5-3606-4141-afa3-5aa8462df79e.png
26664606740_2e1eaa1f23_h.png,ef9d5fa5-3606-4141-afa3-5aa8462df79e.png
26847467592_3d67db6ec5.png,ef9d5fa5-3606-4141-afa3-5aa8462df79e.png
26904657626_c738570188_h.png,ef9d5fa5-3606-4141-afa3-5aa8462df79e.png
26944241305_b7f23ce122.png,ef9d5fa5-3606-4141-afa3-5aa8462df79e.png
26332316133_f713b3aec5.png,ef9d5fa5-3606-4141-afa3-5aa8462df79e.png
26338284254_bfcef318ef_h.png,ef9d5fa5-3606-4141-afa3-5aa8462df79e.png
26332506304_b7c758be1a_h.png,ef9d5fa5-3606-4141-afa3-5aa8462df79e.png
26843928202_5f6cb65bec_h.png,ef9d5fa5-3606-4141-afa3-5aa8462df79e.png
26845034492_55b6b60aa9_h.png,ef9d5fa5-3606-4141-afa3-5aa8462df79e.png
2546342020_5ec430814e.png,ef9d5fa5-3606-4141-afa3-5aa8462df79e.png
26942439505_ecfb6268b5_h.png,ef9d5fa5-3606-4141-afa3-5aa8462df79e.png
26849915412_07767fcb95_h.png,ef9d5fa5-3606-4141-afa3-5aa8462df79e.png
26337493544_8e4b69c551_h.png,ef9d5fa5-3606-4141-afa3-5aa8462df79e.png
26937927735_e83c221426.png,ef9d5fa5-3606-4141-afa3-5aa8462df79e.png
26331349783_d9fc0a58bd.png,ef9d5fa5-3606-4141-afa3-5aa8462df79e.png
26942824725_c4d3406783_h.png,ef9d5fa5-3606-4141-afa3-5aa8462df79e.png
26666428930_6f5dbb01ed_h.png,ef9d5fa5-3606-4141-afa3-5aa8462df79e.png
26666410660_2ea0e0d3d6_h.png,ef9d5fa5-3606-4141-afa3-5aa8462df79e.png
26871830711_a926e6a56c_h.png,ef9d5fa5-3606-4141-afa3-5aa8462df79e.png
26334844783_bdcdbd7a7f_h.png,ef9d5fa5-3606-4141-afa3-5aa8462df79e.png
26670793810_5738e29516.png,ef9d5fa5-3606-4141-afa3-5aa8462df79e.png
26876132511_9721196533_h.png,ef9d5fa5-3606-4141-afa3-5aa8462df79e.png
26333585034_288602eb4c_h.png,ef9d5fa5-3606-4141-afa3-5aa8462df79e.png
15717225358_f6670fef32.png,ef9d5fa5-3606-4141-afa3-5aa8462df79e.png
26844875792_f5e957a572_h.png,ef9d5fa5-3606-4141-afa3-5aa8462df79e.png
26908954316_62bf47b536_h.png,ef9d5fa5-3606-4141-afa3-5aa8462df79e.png
26336959253_1fb0e06351_h.png,ef9d5fa5-3606-4141-afa3-5aa8462df79e.png
26937487735_d688a3d762.png,ef9d5fa5-3606-4141-afa3-5aa8462df79e.png
26664842010_8c7cc122ca_h.png,ef9d5fa5-3606-4141-afa3-5aa8462df79e.png
26331646693_8f08c6bf11.png,ef9d5fa5-3606-4141-afa3-5aa8462df79e.png
26328440073_6247f7f810_h.png,ef9d5fa5-3606-4141-afa3-5aa8462df79e.png
26844924092_990eb894d8.png,ef9d5fa5-3606-4141-afa3-5aa8462df79e.png
26664847660_b59fda0b97_h.png,ef9d5fa5-3606-4141-afa3-5aa8462df79e.png
26332322413_48cb773850.png,ef9d5fa5-3606-4141-afa3-5aa8462df79e.png
26844851912_8ba5acff15_h.png,ef9d5fa5-3606-4141-afa3-5aa8462df79e.png
26331106744_87107a831f_h.png,ef9d5fa5-3606-4141-afa3-5aa8462df79e.png
26327113384_5ce96713e5_h.png,ef9d5fa5-3606-4141-afa3-5aa8462df79e.png
26909343466_0a60a3b059_h.png,ef9d5fa5-3606-4141-afa3-5aa8462df79e.png
26874239481_7bce057c85_h.png,ef9d5fa5-3606-4141-afa3-5aa8462df79e.png
26940479365_90dd926ee4_h.png,ef9d5fa5-3606-4141-afa3-5aa8462df79e.png
26942896355_ee4340712a.png,ef9d5fa5-3606-4141-afa3-5aa8462df79e.png
26828506762_29f8409b73.png,ef9d5fa5-3606-4141-afa3-5aa8462df79e.png
26841599082_3efd19589b_h.png,ef9d5fa5-3606-4141-afa3-5aa8462df79e.png
26662933790_961b7f7e67_h.png,ef9d5fa5-3606-4141-afa3-5aa8462df79e.png
26848497502_b238634125.png,ef9d5fa5-3606-4141-afa3-5aa8462df79e.png
26932784145_a634bc5a02_h.png,ef9d5fa5-3606-4141-afa3-5aa8462df79e.png
26665945160_4a7c7c6dd7.png,ef9d5fa5-3606-4141-afa3-5aa8462df79e.png
26935828505_ae55e7d149_h.png,ef9d5fa5-3606-4141-afa3-5aa8462df79e.png
26938304155_14283a04ea_h.png,ef9d5fa5-3606-4141-afa3-5aa8462df79e.png
26838699512_aa36c1d387_h.png,ef9d5fa5-3606-4141-afa3-5aa8462df79e.png
26330200564_d22d9a4195_h.png,ef9d5fa5-3606-4141-afa3-5aa8462df79e.png
26844198142_9bd4b23615_h.png,ef9d5fa5-3606-4141-afa3-5aa8462df79e.png
26935189475_eebdb0d31a_h.png,ef9d5fa5-3606-4141-afa3-5aa8462df79e.png
26338798453_eda71b869b_h.png,ef9d5fa5-3606-4141-afa3-5aa8462df79e.png
26332290173_e259b0435d_h.png,ef9d5fa5-3606-4141-afa3-5aa8462df79e.png
26846112152_60ab3cb9bc_h.png,ef9d5fa5-3606-4141-afa3-5aa8462df79e.png
26944233765_ac1291ef35.png,ef9d5fa5-3606-4141-afa3-5aa8462df79e.png
26668289360_ac625f2506_h.png,ef9d5fa5-3606-4141-afa3-5aa8462df79e.png
26909164356_06458cef7c.png,ef9d5fa5-3606-4141-afa3-5aa8462df79e.png
26330197514_eaa5626bb8_h.png,ef9d5fa5-3606-4141-afa3-5aa8462df79e.png
26332233573_1a5e098c0e_h.png,ef9d5fa5-3606-4141-afa3-5aa8462df79e.png
26943050475_e424696a6a.png,ef9d5fa5-3606-4141-afa3-5aa8462df79e.png
26335457284_32ca908654_h.png,ef9d5fa5-3606-4141-afa3-5aa8462df79e.png
240797306_06e85e50d6.png,ef9d5fa5-3606-4141-afa3-5aa8462df79e.png
26908755416_2148547fcb_h.png,ef9d5fa5-3606-4141-afa3-5aa8462df79e.png
26848627962_466c4983e8_h.png,ef9d5fa5-3606-4141-afa3-5aa8462df79e.png
26845027582_84bd6f4e07_h.png,ef9d5fa5-3606-4141-afa3-5aa8462df79e.png
26937494905_fd5640f280.png,ef9d5fa5-3606-4141-afa3-5aa8462df79e.png
26331105664_5cff54ecdf_h.png,ef9d5fa5-3606-4141-afa3-5aa8462df79e.png
26339750643_fd5ecc0c1e_h.png,ef9d5fa5-3606-4141-afa3-5aa8462df79e.png
26338676484_602869d04b_h.png,ef9d5fa5-3606-4141-afa3-5aa8462df79e.png
26337379254_1925b30514_h.png,ef9d5fa5-3606-4141-afa3-5aa8462df79e.png
26906771976_095507f47b_h.png,ef9d5fa5-3606-4141-afa3-5aa8462df79e.png
26935849265_aba639f1d0_h.png,ef9d5fa5-3606-4141-afa3-5aa8462df79e.png
26910513036_fa1652c49f.png,ef9d5fa5-3606-4141-afa3-5aa8462df79e.png
26869399891_90020a85e5_h.png,ef9d5fa5-3606-4141-afa3-5aa8462df79e.png
26665004650_2bbf14598a.png,ef9d5fa5-3606-4141-afa3-5aa8462df79e.png
26662614410_b659e425c1_h.png,ef9d5fa5-3606-4141-afa3-5aa8462df79e.png
26904837726_992ce2868d_h.png,ef9d5fa5-3606-4141-afa3-5aa8462df79e.png
26331104124_915f820b92_h.png,ef9d5fa5-3606-4141-afa3-5aa8462df79e.png
26904500936_fae505cc4c_h.png,ef9d5fa5-3606-4141-afa3-5aa8462df79e.png
26665324580_6c3c02d652_h.png,ef9d5fa5-3606-4141-afa3-5aa8462df79e.png
26904692386_502254e6d0.png,ef9d5fa5-3606-4141-afa3-5aa8462df79e.png
26339742663_dd535b1b33_h.png,ef9d5fa5-3606-4141-afa3-5aa8462df79e.png
26338779793_c878439952_h.png,ef9d5fa5-3606-4141-afa3-5aa8462df79e.png
26909343396_b6ea4d1ee7_h.png,ef9d5fa5-3606-4141-afa3-5aa8462df79e.png
26334863283_d0045bb7d1_h.png,ef9d5fa5-3606-4141-afa3-5aa8462df79e.png
26663527210_7c1724660c_h.png,ef9d5fa5-3606-4141-afa3-5aa8462df79e.png
26266393813_cbfff23f6d.png,ef9d5fa5-3606-4141-afa3-5aa8462df79e.png
26870274151_f01a37319f_h.png,ef9d5fa5-3606-4141-afa3-5aa8462df79e.png
26845498682_c7a031a1c5_h.png,ef9d5fa5-3606-4141-afa3-5aa8462df79e.png
26339669103_6cedeec73b.png,ef9d5fa5-3606-4141-afa3-5aa8462df79e.png
26843780862_0d4e440e06_h.png,ef9d5fa5-3606-4141-afa3-5aa8462df79e.png
26875378871_f760b647dc_h.png,ef9d5fa5-3606-4141-afa3-5aa8462df79e.png
26937949385_84da4def17_h.png,ef9d5fa5-3606-4141-afa3-5aa8462df79e.png
26664812340_dce297b381_h.png,ef9d5fa5-3606-4141-afa3-5aa8462df79e.png
26937996215_6cd486b39b_h.png,ef9d5fa5-3606-4141-afa3-5aa8462df79e.png
26905707216_1f213d9602_h.png,ef9d5fa5-3606-4141-afa3-5aa8462df79e.png
26330811464_22034f3c5e.png,ef9d5fa5-3606-4141-afa3-5aa8462df79e.png
26906874446_ea8d819dea_h.png,ef9d5fa5-3606-4141-afa3-5aa8462df79e.png
26666936760_c359b6e29e_h.png,ef9d5fa5-3606-4141-afa3-5aa8462df79e.png
26667106840_670910533f_h.png,ef9d5fa5-3606-4141-afa3-5aa8462df79e.png
26334259044_6f702a112b_h.png,ef9d5fa5-3606-4141-afa3-5aa8462df79e.png
26904533056_7ff9e8ca8e_h.png,ef9d5fa5-3606-4141-afa3-5aa8462df79e.png
26940596405_5e3b36d8d2_h.png,ef9d5fa5-3606-4141-afa3-5aa8462df79e.png
26666016780_03f4b1a17b_h.png,ef9d5fa5-3606-4141-afa3-5aa8462df79e.png
26332438854_d12df8653a_h.png,ef9d5fa5-3606-4141-afa3-5aa8462df79e.png
26666013140_9663e9aebf_h.png,ef9d5fa5-3606-4141-afa3-5aa8462df79e.png
26333081904_ed76d4151f_h.png,ef9d5fa5-3606-4141-afa3-5aa8462df79e.png
26838711282_e8b16ccdae_h.png,ef9d5fa5-3606-4141-afa3-5aa8462df79e.png
26331775884_84147241b5_h.png,ef9d5fa5-3606-4141-afa3-5aa8462df79e.png
26909343486_e702b0a0c5_h.png,ef9d5fa5-3606-4141-afa3-5aa8462df79e.png
26333463494_b5a8b5a1bf_h.png,ef9d5fa5-3606-4141-afa3-5aa8462df79e.png
26843538372_9b70131436_h.png,ef9d5fa5-3606-4141-afa3-5aa8462df79e.png
26333740133_1ab85c3a35.png,ef9d5fa5-3606-4141-afa3-5aa8462df79e.png
240797758_fdc1493d8a.png,ef9d5fa5-3606-4141-afa3-5aa8462df79e.png
26903166566_5ca8086cb9_h.png,ef9d5fa5-3606-4141-afa3-5aa8462df79e.png
26871743701_17b2994771_h.png,ef9d5fa5-3606-4141-afa3-5aa8462df79e.png
26153478043_eb5de77d62_h.png,ef9d5fa5-3606-4141-afa3-5aa8462df79e.png
26935827435_49e3c587b4_h.png,ef9d5fa5-3606-4141-afa3-5aa8462df79e.png
26338179253_8ae8ffee53_h.png,ef9d5fa5-3606-4141-afa3-5aa8462df79e.png
26331107364_a568ac10d3_h.png,ef9d5fa5-3606-4141-afa3-5aa8462df79e.png
26939439115_c008edfc89_h.png,ef9d5fa5-3606-4141-afa3-5aa8462df79e.png
26664897000_69457f73e1_h.png,ef9d5fa5-3606-4141-afa3-5aa8462df79e.png
26848054362_3e1a9b9fb3_h.png,ef9d5fa5-3606-4141-afa3-5aa8462df79e.png
26848117842_46ee3aa85d_h.png,ef9d5fa5-3606-4141-afa3-5aa8462df79e.png
26335853013_2964d82f51_h.png,ef9d5fa5-3606-4141-afa3-5aa8462df79e.png
26334219413_a4a438c6c9_h.png,ef9d5fa5-3606-4141-afa3-5aa8462df79e.png
26845676622_a830b1e28c.png,ef9d5fa5-3606-4141-afa3-5aa8462df79e.png
26333769293_e960953a84_h.png,ef9d5fa5-3606-4141-afa3-5aa8462df79e.png
26904220856_f762965965.png,ef9d5fa5-3606-4141-afa3-5aa8462df79e.png
26843383732_9499fd58f6_h.png,ef9d5fa5-3606-4141-afa3-5aa8462df79e.png
26666942680_375ce1139f_h.png,ef9d5fa5-3606-4141-afa3-5aa8462df79e.png
26940555925_4b47e667a5_h.png,ef9d5fa5-3606-4141-afa3-5aa8462df79e.png
26842287932_b8384a5032.png,ef9d5fa5-3606-4141-afa3-5aa8462df79e.png
26865018771_e532ee8df2_h.png,ef9d5fa5-3606-4141-afa3-5aa8462df79e.png
26334259624_a30f2e3ead_h.png,ef9d5fa5-3606-4141-afa3-5aa8462df79e.png
26876129791_385da5013c_h.png,ef9d5fa5-3606-4141-afa3-5aa8462df79e.png
26327108474_efaa2f33df_h.png,ef9d5fa5-3606-4141-afa3-5aa8462df79e.png
26903163826_0d83c73078_h.png,ef9d5fa5-3606-4141-afa3-5aa8462df79e.png
26942477085_016bf54bc6_h.png,ef9d5fa5-3606-4141-afa3-5aa8462df79e.png
26939322345_5717e66811_h.png,ef9d5fa5-3606-4141-afa3-5aa8462df79e.png
26868851251_19a9f0fe17_h.png,ef9d5fa5-3606-4141-afa3-5aa8462df79e.png
26867975181_b823a6cb77_h.png,ef9d5fa5-3606-4141-afa3-5aa8462df79e.png
26842936862_0f7617ca1b_h.png,ef9d5fa5-3606-4141-afa3-5aa8462df79e.png
26338633254_3858a40b0c.png,ef9d5fa5-3606-4141-afa3-5aa8462df79e.png
26935166265_d709129101_h.png,ef9d5fa5-3606-4141-afa3-5aa8462df79e.png
26909343456_37353cf451_h.png,ef9d5fa5-3606-4141-afa3-5aa8462df79e.png
26937512095_3a1186b200.png,ef9d5fa5-3606-4141-afa3-5aa8462df79e.png
26937894875_1b3d744a74.png,ef9d5fa5-3606-4141-afa3-5aa8462df79e.png
26332323073_ea932627ac_h.png,ef9d5fa5-3606-4141-afa3-5aa8462df79e.png
26848053302_3351f47a06_h.png,ef9d5fa5-3606-4141-afa3-5aa8462df79e.png
26868823971_68f12fef1e_h.png,ef9d5fa5-3606-4141-afa3-5aa8462df79e.png
26904787806_a45706d4d9_h.png,ef9d5fa5-3606-4141-afa3-5aa8462df79e.png
26331117884_3786bdd1db.png,ef9d5fa5-3606-4141-afa3-5aa8462df79e.png
26664434210_93c0a33f44_h.png,ef9d5fa5-3606-4141-afa3-5aa8462df79e.png
26659613380_95b79b4be7_h.png,ef9d5fa5-3606-4141-afa3-5aa8462df79e.png
26876137471_c10198f9b7_h.png,ef9d5fa5-3606-4141-afa3-5aa8462df79e.png
26664891950_6094537569_h.png,ef9d5fa5-3606-4141-afa3-5aa8462df79e.png
26848835182_95d40f765a_h.png,ef9d5fa5-3606-4141-afa3-5aa8462df79e.png
26333471934_d910a10abb_h.png,ef9d5fa5-3606-4141-afa3-5aa8462df79e.png
26659641600_92fc953e94_h.png,ef9d5fa5-3606-4141-afa3-5aa8462df79e.png
26908365296_9828931326.png,ef9d5fa5-3606-4141-afa3-5aa8462df79e.png
26335894963_76c2e26031_h.png,ef9d5fa5-3606-4141-afa3-5aa8462df79e.png
26331147274_e710fdedb3.png,ef9d5fa5-3606-4141-afa3-5aa8462df79e.png
26876057231_e2edcb773b.png,ef9d5fa5-3606-4141-afa3-5aa8462df79e.png
26869433451_7cded19c7e.png,ef9d5fa5-3606-4141-afa3-5aa8462df79e.png
26936853805_6c4dba82b3_h.png,ef9d5fa5-3606-4141-afa3-5aa8462df79e.png
26904271086_e3ca760c2c.png,735d3221-de2b-4abc-9fea-8b526a98b201.png
26872803071_4715622cfd_h.png,ef9d5fa5-3606-4141-afa3-5aa8462df79e.png
26664867380_810be823ed_h.png,ef9d5fa5-3606-4141-afa3-5aa8462df79e.png
26339640303_8ac9a75f37.png,ef9d5fa5-3606-4141-afa3-5aa8462df79e.png
26666978530_7191ff9354_h.png,ef9d5fa5-3606-4141-afa3-5aa8462df79e.png
26938347675_aaed7f93e7_h.png,ef9d5fa5-3606-4141-afa3-5aa8462df79e.png
26902883576_a29015d741.png,ef9d5fa5-3606-4141-afa3-5aa8462df79e.png
26330204114_fb7b8f1292_h.png,ef9d5fa5-3606-4141-afa3-5aa8462df79e.png
26940484255_cf1e706b56_h.png,ef9d5fa5-3606-4141-afa3-5aa8462df79e.png
26872537041_0ae905f8f9_h.png,ef9d5fa5-3606-4141-afa3-5aa8462df79e.png
26849747802_bc9a2c3d92_h.png,ef9d5fa5-3606-4141-afa3-5aa8462df79e.png
26334103793_a19eda65d8_h.png,ef9d5fa5-3606-4141-afa3-5aa8462df79e.png
26874238191_8fa4bf5a7a_h.png,ef9d5fa5-3606-4141-afa3-5aa8462df79e.png
26844272762_1cb26ddc17_h.png,ef9d5fa5-3606-4141-afa3-5aa8462df79e.png
26903155976_d19ff26f1f_h.png,ef9d5fa5-3606-4141-afa3-5aa8462df79e.png
26871960061_27fac028d5_h.png,ef9d5fa5-3606-4141-afa3-5aa8462df79e.png
26848045572_6c9dcccdf6_h.png,ef9d5fa5-3606-4141-afa3-5aa8462df79e.png
26872863811_ce14789f96_h.png,ef9d5fa5-3606-4141-afa3-5aa8462df79e.png
26872484371_0329ea8baa_h.png,ef9d5fa5-3606-4141-afa3-5aa8462df79e.png
26338181074_cff70bfac8.png,ef9d5fa5-3606-4141-afa3-5aa8462df79e.png
26659613080_cc225f74f5_h.png,ef9d5fa5-3606-4141-afa3-5aa8462df79e.png
26333205593_279c6ef8bb.png,ef9d5fa5-3606-4141-afa3-5aa8462df79e.png
26843503442_f87c25e31f.png,ef9d5fa5-3606-4141-afa3-5aa8462df79e.png
26845355952_b36ba76e74.png,ef9d5fa5-3606-4141-afa3-5aa8462df79e.png
26944250455_f30d78efe6.png,ef9d5fa5-3606-4141-afa3-5aa8462df79e.png
26848117482_5ac518880d.png,ef9d5fa5-3606-4141-afa3-5aa8462df79e.png
26908259356_38d0227f9d.png,ef9d5fa5-3606-4141-afa3-5aa8462df79e.png
26331502774_8eeb2086bb_h.png,ef9d5fa5-3606-4141-afa3-5aa8462df79e.png
26905011916_e6e34f6738_h.png,ef9d5fa5-3606-4141-afa3-5aa8462df79e.png
26869822391_57c9c52563.png,ef9d5fa5-3606-4141-afa3-5aa8462df79e.png
26331761864_fd90b76010.png,ef9d5fa5-3606-4141-afa3-5aa8462df79e.png
26903133266_e5d298ea6c_h.png,ef9d5fa5-3606-4141-afa3-5aa8462df79e.png
26330973964_3cb09fd50e_h.png,ef9d5fa5-3606-4141-afa3-5aa8462df79e.png
26840860662_b613bd075d_h.png,ef9d5fa5-3606-4141-afa3-5aa8462df79e.png
26844648652_1ed5620382_h.png,ef9d5fa5-3606-4141-afa3-5aa8462df79e.png
26870971591_6b9f79617e_h.png,ef9d5fa5-3606-4141-afa3-5aa8462df79e.png
26937906715_a4c80e1420.png,ef9d5fa5-3606-4141-afa3-5aa8462df79e.png
26339460193_10dd51f808_h.png,ef9d5fa5-3606-4141-afa3-5aa8462df79e.png
26869434531_27ca7baa73.png,ef9d5fa5-3606-4141-afa3-5aa8462df79e.png
26906540186_5daa4f5e94_h.png,ef9d5fa5-3606-4141-afa3-5aa8462df79e.png
26872551181_4cabedf081_h.png,ef9d5fa5-3606-4141-afa3-5aa8462df79e.png
26935840995_1ce04f71b6_h.png,ef9d5fa5-3606-4141-afa3-5aa8462df79e.png
26666878050_1bf0e3c1d4_h.png,ef9d5fa5-3606-4141-afa3-5aa8462df79e.png
26334403174_d2fa8115e7_h.png,ef9d5fa5-3606-4141-afa3-5aa8462df79e.png
26904486146_cf8c3a5541_h.png,ef9d5fa5-3606-4141-afa3-5aa8462df79e.png
26334416664_c8e782b772.png,ef9d5fa5-3606-4141-afa3-5aa8462df79e.png
26336616863_6332f10d23_h.png,ef9d5fa5-3606-4141-afa3-5aa8462df79e.png
26937404965_dce6bbc236_h.png,ef9d5fa5-3606-4141-afa3-5aa8462df79e.png
26666452090_20191e4634_h.png,ef9d5fa5-3606-4141-afa3-5aa8462df79e.png
26331066694_62d7946d53_h.png,ef9d5fa5-3606-4141-afa3-5aa8462df79e.png
26842575632_97a9fbff96_h.png,ef9d5fa5-3606-4141-afa3-5aa8462df79e.png
26332158683_92e7fdb30d_h.png,ef9d5fa5-3606-4141-afa3-5aa8462df79e.png
26938314995_b4587d9f11_h.png,ef9d5fa5-3606-4141-afa3-5aa8462df79e.png
26842285162_dd996c669c_h.png,ef9d5fa5-3606-4141-afa3-5aa8462df79e.png
26903743756_4d971a3af7_h.png,ef9d5fa5-3606-4141-afa3-5aa8462df79e.png
26870536641_c0fe78ddbc.png,ef9d5fa5-3606-4141-afa3-5aa8462df79e.png
26333362503_169bd4f3ed.png,ef9d5fa5-3606-4141-afa3-5aa8462df79e.png
26939355215_5b7f46c1f4_h.png,ef9d5fa5-3606-4141-afa3-5aa8462df79e.png
26876134981_57510cd1cb_h.png,ef9d5fa5-3606-4141-afa3-5aa8462df79e.png
26938219175_43dc2073f0_h.png,ef9d5fa5-3606-4141-afa3-5aa8462df79e.png
26327111894_bd44fcdbf5_h.png,ef9d5fa5-3606-4141-afa3-5aa8462df79e.png
26940597175_74cd5f6ffc_h.png,ef9d5fa5-3606-4141-afa3-5aa8462df79e.png
26662604840_f7e4cffa1b_h.png,ef9d5fa5-3606-4141-afa3-5aa8462df79e.png
26331973814_9d5e7f8ca4.png,ef9d5fa5-3606-4141-afa3-5aa8462df79e.png
26938635115_e1829341aa_h.png,ef9d5fa5-3606-4141-afa3-5aa8462df79e.png
26328439613_78403dab5e_h.png,ef9d5fa5-3606-4141-afa3-5aa8462df79e.png
26872388811_0323d64d62_h.png,ef9d5fa5-3606-4141-afa3-5aa8462df79e.png
26870101511_8bad2d448e_h.png,ef9d5fa5-3606-4141-afa3-5aa8462df79e.png
26907973856_1e64668d3c_h.png,ef9d5fa5-3606-4141-afa3-5aa8462df79e.png
26909636496_93b2006023_h.png,ef9d5fa5-3606-4141-afa3-5aa8462df79e.png
26910507346_e82c115d07.png,ef9d5fa5-3606-4141-afa3-5aa8462df79e.png
26846287002_251b7749fa.png,ef9d5fa5-3606-4141-afa3-5aa8462df79e.png
26936871675_be7f1bd52f.png,ef9d5fa5-3606-4141-afa3-5aa8462df79e.png
26667854110_be1dbfaf13.png,ef9d5fa5-3606-4141-afa3-5aa8462df79e.png
26909526346_73fcfbebf2_h.png,ef9d5fa5-3606-4141-afa3-5aa8462df79e.png
26865019731_fa1fc519d3_h.png,ef9d5fa5-3606-4141-afa3-5aa8462df79e.png
26327110564_fb2b24f84c_h.png,ef9d5fa5-3606-4141-afa3-5aa8462df79e.png
26667666260_e883664c5c_h.png,ef9d5fa5-3606-4141-afa3-5aa8462df79e.png
26667096540_6f62d1bfec.png,ef9d5fa5-3606-4141-afa3-5aa8462df79e.png
26666414440_3a96420193_h.png,ef9d5fa5-3606-4141-afa3-5aa8462df79e.png
26667103670_5d6f27b653_h.png,ef9d5fa5-3606-4141-afa3-5aa8462df79e.png
26849157592_f5fb5531ea_h.png,ef9d5fa5-3606-4141-afa3-5aa8462df79e.png
26663526850_0696592e71_h.png,ef9d5fa5-3606-4141-afa3-5aa8462df79e.png
26847409612_0e19e5c52d_h.png,ef9d5fa5-3606-4141-afa3-5aa8462df79e.png
26669498890_4506a6037b_h.png,ef9d5fa5-3606-4141-afa3-5aa8462df79e.png
26849951982_010b2a8e9f.png,ef9d5fa5-3606-4141-afa3-5aa8462df79e.png
26906683916_733eb91347_h.png,ef9d5fa5-3606-4141-afa3-5aa8462df79e.png
26668288830_c38bc84cdb_h.png,ef9d5fa5-3606-4141-afa3-5aa8462df79e.png
26339637503_0085ce7758.png,ef9d5fa5-3606-4141-afa3-5aa8462df79e.png
26906675056_d847598b7c_h.png,ef9d5fa5-3606-4141-afa3-5aa8462df79e.png
26903741436_0969009d53_h.png,ef9d5fa5-3606-4141-afa3-5aa8462df79e.png
26332323303_65118432b0_h.png,ef9d5fa5-3606-4141-afa3-5aa8462df79e.png
26838705532_a994cbb725_h.png,ef9d5fa5-3606-4141-afa3-5aa8462df79e.png
26337184174_022c1a47c2.png,ef9d5fa5-3606-4141-afa3-5aa8462df79e.png
6844443774_efb1ac3184.png,ef9d5fa5-3606-4141-afa3-5aa8462df79e.png
26670040220_cb2eb3c6c5_h.png,ef9d5fa5-3606-4141-afa3-5aa8462df79e.png
26903812976_282a8e732d_h.png,ef9d5fa5-3606-4141-afa3-5aa8462df79e.png
26670772310_b1f0d9c017.png,ef9d5fa5-3606-4141-afa3-5aa8462df79e.png
26333075134_8e9a8fb236_h.png,ef9d5fa5-3606-4141-afa3-5aa8462df79e.png
26869591011_ab448daa91_h.png,ef9d5fa5-3606-4141-afa3-5aa8462df79e.png
26847478382_427d68ec58.png,ef9d5fa5-3606-4141-afa3-5aa8462df79e.png
26932783645_4dc0962290_h.png,ef9d5fa5-3606-4141-afa3-5aa8462df79e.png
26331102604_424f975a6e_h.png,ef9d5fa5-3606-4141-afa3-5aa8462df79e.png
26664209280_c10a9a369b_h.png,ef9d5fa5-3606-4141-afa3-5aa8462df79e.png
26843832132_3fc57ff35c_h.png,ef9d5fa5-3606-4141-afa3-5aa8462df79e.png
26937493785_c8d5226c5d.png,ef9d5fa5-3606-4141-afa3-5aa8462df79e.png
26907324116_dc935d56a8_h.png,ef9d5fa5-3606-4141-afa3-5aa8462df79e.png
26666658630_4c47eeff92_h.png,ef9d5fa5-3606-4141-afa3-5aa8462df79e.png
26936835695_3870c3a40c_h.png,ef9d5fa5-3606-4141-afa3-5aa8462df79e.png
26330333344_995bca26bf.png,ef9d5fa5-3606-4141-afa3-5aa8462df79e.png
26846061152_863f890847_h.png,ef9d5fa5-3606-4141-afa3-5aa8462df79e.png
26335948943_d202490677_h.png,ef9d5fa5-3606-4141-afa3-5aa8462df79e.png
26903172956_c3dc61ecaa_h.png,ef9d5fa5-3606-4141-afa3-5aa8462df79e.png
26843074142_e06418d52c_h.png,ef9d5fa5-3606-4141-afa3-5aa8462df79e.png
26667594320_2156d52b4d_h.png,ef9d5fa5-3606-4141-afa3-5aa8462df79e.png
26867817611_6068556077.png,ef9d5fa5-3606-4141-afa3-5aa8462df79e.png
26337409794_bca4040c0c_h.png,ef9d5fa5-3606-4141-afa3-5aa8462df79e.png
26337218214_0e40d26a99_h.png,ef9d5fa5-3606-4141-afa3-5aa8462df79e.png
26841640362_db4a747231_h.png,ef9d5fa5-3606-4141-afa3-5aa8462df79e.png
26867403591_324fca5681_h.png,ef9d5fa5-3606-4141-afa3-5aa8462df79e.png
26902541966_ff206bdb92.png,ef9d5fa5-3606-4141-afa3-5aa8462df79e.png
26942870835_074558a411.png,ef9d5fa5-3606-4141-afa3-5aa8462df79e.png
26909343506_41d2a0c313_h.png,ef9d5fa5-3606-4141-afa3-5aa8462df79e.png
26938959995_273af64062.png,ef9d5fa5-3606-4141-afa3-5aa8462df79e.png
26843786512_26ac25a6dc_h.png,ef9d5fa5-3606-4141-afa3-5aa8462df79e.png
26940460475_450ef871fe_h.png,ef9d5fa5-3606-4141-afa3-5aa8462df79e.png
26338604204_bf815d9c84.png,ef9d5fa5-3606-4141-afa3-5aa8462df79e.png
26936867625_9fdc075664_h.png,ef9d5fa5-3606-4141-afa3-5aa8462df79e.png
26902534156_e34028ca5c.png,ef9d5fa5-3606-4141-afa3-5aa8462df79e.png
26870615221_10d411864e_h.png,ef9d5fa5-3606-4141-afa3-5aa8462df79e.png
26937799375_aa51abe803.png,ef9d5fa5-3606-4141-afa3-5aa8462df79e.png
26904175496_3f0dd3d55f_h.png,ef9d5fa5-3606-4141-afa3-5aa8462df79e.png
26849736422_e32d9ce766_h.png,ef9d5fa5-3606-4141-afa3-5aa8462df79e.png
26937503775_a35226e9ae.png,ef9d5fa5-3606-4141-afa3-5aa8462df79e.png
26667104310_bb63ce4f75_h.png,ef9d5fa5-3606-4141-afa3-5aa8462df79e.png
26338563754_8b2e3a8f19.png,ef9d5fa5-3606-4141-afa3-5aa8462df79e.png
26666888310_efbf4edc9b_h.png,ef9d5fa5-3606-4141-afa3-5aa8462df79e.png
26939858375_17dcdf01f1_h.png,ef9d5fa5-3606-4141-afa3-5aa8462df79e.png
25156333375_04dfbb2693.png,ef9d5fa5-3606-4141-afa3-5aa8462df79e.png
26334252704_6803fb6ea0_h.png,ef9d5fa5-3606-4141-afa3-5aa8462df79e.png
26849925422_ba46856dcd.png,ef9d5fa5-3606-4141-afa3-5aa8462df79e.png
26665004530_d748936beb.png,ef9d5fa5-3606-4141-afa3-5aa8462df79e.png
240797614_9cd5c4a83d.png,ef9d5fa5-3606-4141-afa3-5aa8462df79e.png
26334515743_70241c5d87_h.png,ef9d5fa5-3606-4141-afa3-5aa8462df79e.png
26849431062_9727394ef8.png,ef9d5fa5-3606-4141-afa3-5aa8462df79e.png
26874241071_d34b527a75_h.png,ef9d5fa5-3606-4141-afa3-5aa8462df79e.png
26842559902_cc24424f53_h.png,ef9d5fa5-3606-4141-afa3-5aa8462df79e.png
26663526370_9adb84d520_h.png,ef9d5fa5-3606-4141-afa3-5aa8462df79e.png
26869554761_9eeb680c70_h.png,ef9d5fa5-3606-4141-afa3-5aa8462df79e.png
26337380833_35d182a4f2_h.png,ef9d5fa5-3606-4141-afa3-5aa8462df79e.png
26841599702_e349cfc8a2_h.png,ef9d5fa5-3606-4141-afa3-5aa8462df79e.png
26937900445_9707ec91f3.png,ef9d5fa5-3606-4141-afa3-5aa8462df79e.png
26868830021_2b98806e3f_h.png,ef9d5fa5-3606-4141-afa3-5aa8462df79e.png
26332311693_51cd6eadde_h.png,ef9d5fa5-3606-4141-afa3-5aa8462df79e.png
26337406224_026e6745a5_h.png,ef9d5fa5-3606-4141-afa3-5aa8462df79e.png
26334480013_48a0d1dfd2_h.png,ef9d5fa5-3606-4141-afa3-5aa8462df79e.png
26903746236_ca5d8b0c08_h.png,ef9d5fa5-3606-4141-afa3-5aa8462df79e.png
26905333286_3821a45616_h.png,ef9d5fa5-3606-4141-afa3-5aa8462df79e.png
26334138053_644ba7a7d4.png,ef9d5fa5-3606-4141-afa3-5aa8462df79e.png
26843842672_216a208876_h.png,ef9d5fa5-3606-4141-afa3-5aa8462df79e.png
26849983422_e7e82f0b7d_h.png,ef9d5fa5-3606-4141-afa3-5aa8462df79e.png
26334097243_1f5eb8cd4d_h.png,ef9d5fa5-3606-4141-afa3-5aa8462df79e.png
26337276684_ab1cbed587_h.png,ef9d5fa5-3606-4141-afa3-5aa8462df79e.png
26664853400_ee3a4d1030_h.png,ef9d5fa5-3606-4141-afa3-5aa8462df79e.png
26849734802_0c2f68e893_h.png,ef9d5fa5-3606-4141-afa3-5aa8462df79e.png
26838707862_a41832d307_h.png,ef9d5fa5-3606-4141-afa3-5aa8462df79e.png
26336097234_a215f63c8c_h.png,ef9d5fa5-3606-4141-afa3-5aa8462df79e.png
26331653834_c928f5a7a9_h.png,ef9d5fa5-3606-4141-afa3-5aa8462df79e.png
26332503374_e4eedfa161_h.png,ef9d5fa5-3606-4141-afa3-5aa8462df79e.png
26876053841_465993a6da.png,ef9d5fa5-3606-4141-afa3-5aa8462df79e.png
26865017011_4dffb86105_h.png,ef9d5fa5-3606-4141-afa3-5aa8462df79e.png
26936342685_445984ccb4_h.png,ef9d5fa5-3606-4141-afa3-5aa8462df79e.png
26906149186_d5e1abb44f_h.png,ef9d5fa5-3606-4141-afa3-5aa8462df79e.png
26667100960_61482ac7c0_h.png,ef9d5fa5-3606-4141-afa3-5aa8462df79e.png
26670166220_e6b74d789c_h.png,ef9d5fa5-3606-4141-afa3-5aa8462df79e.png
26846133402_18d43ce2ba_h.png,ef9d5fa5-3606-4141-afa3-5aa8462df79e.png
26938636975_f5a8d675fc_h.png,ef9d5fa5-3606-4141-afa3-5aa8462df79e.png
26334044073_5d037325e2_h.png,ef9d5fa5-3606-4141-afa3-5aa8462df79e.png
26910509476_e741c68761.png,ef9d5fa5-3606-4141-afa3-5aa8462df79e.png
26336817054_b9d21ea98a_h.png,ef9d5fa5-3606-4141-afa3-5aa8462df79e.png
26665527640_2e60bf9494_h.png,ef9d5fa5-3606-4141-afa3-5aa8462df79e.png
26328498044_144a622287_h.png,ef9d5fa5-3606-4141-afa3-5aa8462df79e.png
26331118714_66db70ce47_h.png,ef9d5fa5-3606-4141-afa3-5aa8462df79e.png
26903162946_408447d15e_h.png,ef9d5fa5-3606-4141-afa3-5aa8462df79e.png
26327109494_bc76fbcfc9_h.png,ef9d5fa5-3606-4141-afa3-5aa8462df79e.png
26331281423_c1bd74a63b.png,ef9d5fa5-3606-4141-afa3-5aa8462df79e.png
26842559932_d91c9afa44_h.png,ef9d5fa5-3606-4141-afa3-5aa8462df79e.png
26940423745_d6c07c5002_h.png,ef9d5fa5-3606-4141-afa3-5aa8462df79e.png
26338651214_e2a015e75d_h.png,ef9d5fa5-3606-4141-afa3-5aa8462df79e.png
26333295754_8be236757e_h.png,ef9d5fa5-3606-4141-afa3-5aa8462df79e.png
26874023731_0e24d7a2d7_h.png,ef9d5fa5-3606-4141-afa3-5aa8462df79e.png
26338596284_b636bba515.png,ef9d5fa5-3606-4141-afa3-5aa8462df79e.png
26909309996_622ddafa92_h.png,ef9d5fa5-3606-4141-afa3-5aa8462df79e.png
26838712932_7755aef2b0_h.png,ef9d5fa5-3606-4141-afa3-5aa8462df79e.png
26331803184_17b5be1082_h.png,ef9d5fa5-3606-4141-afa3-5aa8462df79e.png
26941147125_5f8c730306_h.png,ef9d5fa5-3606-4141-afa3-5aa8462df79e.png
26937437435_65fb00f525_h.png,ef9d5fa5-3606-4141-afa3-5aa8462df79e.png
26905572666_e93e4778a1_h.png,ef9d5fa5-3606-4141-afa3-5aa8462df79e.png
26335273583_6a17fd1c29_h.png,ef9d5fa5-3606-4141-afa3-5aa8462df79e.png
26838691592_c2cbc04f2d_h.png,ef9d5fa5-3606-4141-afa3-5aa8462df79e.png
26334086123_464b96788f_h.png,ef9d5fa5-3606-4141-afa3-5aa8462df79e.png
26338572353_dddc5a9ec7_h.png,ef9d5fa5-3606-4141-afa3-5aa8462df79e.png
26871141181_9bb17e32ff_h.png,ef9d5fa5-3606-4141-afa3-5aa8462df79e.png
26844687422_32b4b77f26_h.png,ef9d5fa5-3606-4141-afa3-5aa8462df79e.png
26842589552_083c71887d.png,ef9d5fa5-3606-4141-afa3-5aa8462df79e.png
26941359315_fc84a68e99_h.png,ef9d5fa5-3606-4141-afa3-5aa8462df79e.png
26903165176_65a6c57611_h.png,ef9d5fa5-3606-4141-afa3-5aa8462df79e.png
240796185_75ff2b1cd2.png,ef9d5fa5-3606-4141-afa3-5aa8462df79e.png
26333619913_540f910a31_h.png,ef9d5fa5-3606-4141-afa3-5aa8462df79e.png
26662608570_4639e73f8d_h.png,ef9d5fa5-3606-4141-afa3-5aa8462df79e.png
26906745776_7644aeb39a_h.png,ef9d5fa5-3606-4141-afa3-5aa8462df79e.png
26942991185_6ddaf353cf_h.png,ef9d5fa5-3606-4141-afa3-5aa8462df79e.png
26670738640_59050d984e.png,ef9d5fa5-3606-4141-afa3-5aa8462df79e.png
26935826215_4b24771bd3_h.png,ef9d5fa5-3606-4141-afa3-5aa8462df79e.png
26868824111_b164f01b33.png,ef9d5fa5-3606-4141-afa3-5aa8462df79e.png
26664086980_28edfd114b.png,ef9d5fa5-3606-4141-afa3-5aa8462df79e.png
26845030552_befd3df615_h.png,ef9d5fa5-3606-4141-afa3-5aa8462df79e.png
26905594106_141970a743_h.png,ef9d5fa5-3606-4141-afa3-5aa8462df79e.png
26875989881_d43bb004e9.png,ef9d5fa5-3606-4141-afa3-5aa8462df79e.png
26905365676_f9ad04cebc_h.png,ef9d5fa5-3606-4141-afa3-5aa8462df79e.png
26331232454_a1839a5d4f.png,ef9d5fa5-3606-4141-afa3-5aa8462df79e.png
26936877765_e13b6ee5f9.png,ef9d5fa5-3606-4141-afa3-5aa8462df79e.png
26870931251_aeffdd9020_h.png,ef9d5fa5-3606-4141-afa3-5aa8462df79e.png
26333760583_ac130a5a81_h.png,ef9d5fa5-3606-4141-afa3-5aa8462df79e.png
26939448165_417f3a4c0d.png,ef9d5fa5-3606-4141-afa3-5aa8462df79e.png
26335739423_7ce422344b_h.png,ef9d5fa5-3606-4141-afa3-5aa8462df79e.png
26937510715_9d37e4af47.png,ef9d5fa5-3606-4141-afa3-5aa8462df79e.png
26841596932_8fb101af80_h.png,ef9d5fa5-3606-4141-afa3-5aa8462df79e.png
26842505192_15f5da1b1b_h.png,ef9d5fa5-3606-4141-afa3-5aa8462df79e.png
240797254_d2152e2f57.png,ef9d5fa5-3606-4141-afa3-5aa8462df79e.png
26935043775_525e86502f_h.png,ef9d5fa5-3606-4141-afa3-5aa8462df79e.png
26936827875_8afb5cdb0a_h.png,ef9d5fa5-3606-4141-afa3-5aa8462df79e.png
26870959431_d176ef6c15_h.png,ef9d5fa5-3606-4141-afa3-5aa8462df79e.png
26939549795_256f7f743c_h.png,ef9d5fa5-3606-4141-afa3-5aa8462df79e.png
26904692546_7c8f0323be.png,ef9d5fa5-3606-4141-afa3-5aa8462df79e.png
26841432612_550e658e82.png,ef9d5fa5-3606-4141-afa3-5aa8462df79e.png
26841597452_9e2156756b_h.png,ef9d5fa5-3606-4141-afa3-5aa8462df79e.png
26906818136_e2436f4310_h.png,ef9d5fa5-3606-4141-afa3-5aa8462df79e.png
26328502894_0d1be1a71a_h.png,ef9d5fa5-3606-4141-afa3-5aa8462df79e.png
26843809152_c8385eef73_h.png,ef9d5fa5-3606-4141-afa3-5aa8462df79e.png
26909865756_08d13d09b6_h.png,ef9d5fa5-3606-4141-afa3-5aa8462df79e.png
26331682994_b958be5bb1.png,ef9d5fa5-3606-4141-afa3-5aa8462df79e.png
240796624_d0eb05b967.png,ef9d5fa5-3606-4141-afa3-5aa8462df79e.png
26336817874_6bba1fd22e_h.png,ef9d5fa5-3606-4141-afa3-5aa8462df79e.png
26906140516_1d4d8857e5_h.png,ef9d5fa5-3606-4141-afa3-5aa8462df79e.png
26659617670_fca2d13ad4_h.png,ef9d5fa5-3606-4141-afa3-5aa8462df79e.png
26903162046_946aecb4fe_h.png,ef9d5fa5-3606-4141-afa3-5aa8462df79e.png
26661895050_9b6d94a829_h.png,ef9d5fa5-3606-4141-afa3-5aa8462df79e.png
26664808540_5858696093_h.png,ef9d5fa5-3606-4141-afa3-5aa8462df79e.png
26846138582_a31ba48d36_h.png,ef9d5fa5-3606-4141-afa3-5aa8462df79e.png
26936847935_7e24e43937_h.png,ef9d5fa5-3606-4141-afa3-5aa8462df79e.png
26336267494_ca395b47f2.png,ef9d5fa5-3606-4141-afa3-5aa8462df79e.png
26337207173_04cbe43de7.png,ef9d5fa5-3606-4141-afa3-5aa8462df79e.png
26904216186_1a058c38d3.png,ef9d5fa5-3606-4141-afa3-5aa8462df79e.png
26333097623_73f5689e4c.png,ef9d5fa5-3606-4141-afa3-5aa8462df79e.png
26944363925_1f3f46fb60_h.png,ef9d5fa5-3606-4141-afa3-5aa8462df79e.png
26905377496_e3f634fa4f_h.png,ef9d5fa5-3606-4141-afa3-5aa8462df79e.png
26331095174_aa1979ae2b_h.png,ef9d5fa5-3606-4141-afa3-5aa8462df79e.png
26838698822_94dabcde77_h.png,ef9d5fa5-3606-4141-afa3-5aa8462df79e.png
26899016676_950fd3c5e3_h.png,ef9d5fa5-3606-4141-afa3-5aa8462df79e.png
26935852465_9b51870e68_h.png,ef9d5fa5-3606-4141-afa3-5aa8462df79e.png
26333593873_b0193f18bf_h.png,ef9d5fa5-3606-4141-afa3-5aa8462df79e.png
26843502292_4aa9c707de.png,d9a5252e-6f06-41b1-b900-e97c25b1fc68.png
26337281233_c2cbe8ff13_h.png,ef9d5fa5-3606-4141-afa3-5aa8462df79e.png
26944022645_87ea13f2fb_h.png,ef9d5fa5-3606-4141-afa3-5aa8462df79e.png
26936050295_a7c3a6cd2a.png,ef9d5fa5-3606-4141-afa3-5aa8462df79e.png
26334783753_855d88cf3d.png,ef9d5fa5-3606-4141-afa3-5aa8462df79e.png
26339754593_ddd5c17466_h.png,ef9d5fa5-3606-4141-afa3-5aa8462df79e.png
26654174570_b10cf58847.png,ef9d5fa5-3606-4141-afa3-5aa8462df79e.png
26874721631_71b0f0b5cd_h.png,ef9d5fa5-3606-4141-afa3-5aa8462df79e.png
26842605402_64dee22805.png,ef9d5fa5-3606-4141-afa3-5aa8462df79e.png
26910376806_4f427ea93c_h.png,ef9d5fa5-3606-4141-afa3-5aa8462df79e.png
26339645233_f3852a815d.png,ef9d5fa5-3606-4141-afa3-5aa8462df79e.png
26849960782_2fcb93498a.png,ef9d5fa5-3606-4141-afa3-5aa8462df79e.png
26905715716_ffba72e174_h.png,ef9d5fa5-3606-4141-afa3-5aa8462df79e.png
26337282704_d81e83edec_h.png,ef9d5fa5-3606-4141-afa3-5aa8462df79e.png
26843923822_180cc73a28_h.png,ef9d5fa5-3606-4141-afa3-5aa8462df79e.png
26944371175_7aed37d044_h.png,ef9d5fa5-3606-4141-afa3-5aa8462df79e.png
26943020475_09bd3c94ce_h.png,ef9d5fa5-3606-4141-afa3-5aa8462df79e.png
26938390545_09c74f6c27_h.png,ef9d5fa5-3606-4141-afa3-5aa8462df79e.png
26871304501_6df5dc8004_h.png,ef9d5fa5-3606-4141-afa3-5aa8462df79e.png
26663527410_fa26c51847_h.png,ef9d5fa5-3606-4141-afa3-5aa8462df79e.png
26846178902_3aa5a63e0c_h.png,ef9d5fa5-3606-4141-afa3-5aa8462df79e.png
26872392051_72af4c7018_h.png,ef9d5fa5-3606-4141-afa3-5aa8462df79e.png
26937486745_2aa8fe2383.png,ef9d5fa5-3606-4141-afa3-5aa8462df79e.png
26870999101_054a0c8796_h.png,ef9d5fa5-3606-4141-afa3-5aa8462df79e.png
26937886685_335b140bf2.png,ef9d5fa5-3606-4141-afa3-5aa8462df79e.png
26937923485_e027c67598.png,ef9d5fa5-3606-4141-afa3-5aa8462df79e.png
26910524406_87daf33b23.png,ef9d5fa5-3606-4141-afa3-5aa8462df79e.png
26937448315_6b23665e2a.png,ef9d5fa5-3606-4141-afa3-5aa8462df79e.png
26333702404_9c9ca3cae9_h.png,ef9d5fa5-3606-4141-afa3-5aa8462df79e.png
26339671063_a4bd153568.png,ef9d5fa5-3606-4141-afa3-5aa8462df79e.png
26670614410_f2a5c3f439_h.png,ef9d5fa5-3606-4141-afa3-5aa8462df79e.png
26339669753_ccc88df522.png,ef9d5fa5-3606-4141-afa3-5aa8462df79e.png
26865029201_71cef0750d_h.png,ef9d5fa5-3606-4141-afa3-5aa8462df79e.png
26943615205_2483f8021f_h.png,ef9d5fa5-3606-4141-afa3-5aa8462df79e.png
26846076782_f1443e6634_h.png,ef9d5fa5-3606-4141-afa3-5aa8462df79e.png
26838693982_8f76f115f6_h.png,ef9d5fa5-3606-4141-afa3-5aa8462df79e.png
26842556472_3fe625d1ad_h.png,ef9d5fa5-3606-4141-afa3-5aa8462df79e.png
26838701782_765676addd_h.png,ef9d5fa5-3606-4141-afa3-5aa8462df79e.png
26336730643_ded57546ad_h.png,ef9d5fa5-3606-4141-afa3-5aa8462df79e.png
26848882472_54ea0ef84d_h.png,ef9d5fa5-3606-4141-afa3-5aa8462df79e.png
26870152971_e9f69a46f9_h.png,ef9d5fa5-3606-4141-afa3-5aa8462df79e.png
26886345606_171f80508f_h.png,ef9d5fa5-3606-4141-afa3-5aa8462df79e.png
26935058755_51e0cd80c9_h.png,ef9d5fa5-3606-4141-afa3-5aa8462df79e.png
26332979953_0a5dc28264_h.png,ef9d5fa5-3606-4141-afa3-5aa8462df79e.png
26337961604_fe358e993c_h.png,ef9d5fa5-3606-4141-afa3-5aa8462df79e.png
26332563794_973ce6410c_h.png,ef9d5fa5-3606-4141-afa3-5aa8462df79e.png
26937936835_40f9bee288.png,ef9d5fa5-3606-4141-afa3-5aa8462df79e.png
26331830054_ab52b66561_h.png,ef9d5fa5-3606-4141-afa3-5aa8462df79e.png
26936429395_94cc1db8b9_h.png,ef9d5fa5-3606-4141-afa3-5aa8462df79e.png
26339706153_7eb64770b6.png,ef9d5fa5-3606-4141-afa3-5aa8462df79e.png
26905706256_38d59a20c1_h.png,ef9d5fa5-3606-4141-afa3-5aa8462df79e.png
26868833641_0dfbc5a2b4_h.png,ef9d5fa5-3606-4141-afa3-5aa8462df79e.png
26664912080_17000532c4_h.png,ef9d5fa5-3606-4141-afa3-5aa8462df79e.png
26843733292_e6d76657ec_h.png,ef9d5fa5-3606-4141-afa3-5aa8462df79e.png
26838684252_067fd5edc7_h.png,ef9d5fa5-3606-4141-afa3-5aa8462df79e.png
26936892645_3081670347.png,ef9d5fa5-3606-4141-afa3-5aa8462df79e.png
26942483825_b874e8cbfc_h.png,ef9d5fa5-3606-4141-afa3-5aa8462df79e.png
26939513595_653b39820d_h.png,ef9d5fa5-3606-4141-afa3-5aa8462df79e.png
26843398452_20a1867a5e.png,ef9d5fa5-3606-4141-afa3-5aa8462df79e.png
26935859905_7b0d6262f3.png,ef9d5fa5-3606-4141-afa3-5aa8462df79e.png
26333946663_b54f03c4e0_h.png,ef9d5fa5-3606-4141-afa3-5aa8462df79e.png
26872541031_7ed6cf362a_h.png,ef9d5fa5-3606-4141-afa3-5aa8462df79e.png
26331827094_1550467e74_h.png,ef9d5fa5-3606-4141-afa3-5aa8462df79e.png
26905362816_19d4e7de3d_h.png,ef9d5fa5-3606-4141-afa3-5aa8462df79e.png
26339663653_e0ff8c9418.png,ef9d5fa5-3606-4141-afa3-5aa8462df79e.png
26843383702_6958ed5dea_h.png,ef9d5fa5-3606-4141-afa3-5aa8462df79e.png
26337219303_3256c180da.png,ef9d5fa5-3606-4141-afa3-5aa8462df79e.png
26874474701_ed459b39ff_h.png,ef9d5fa5-3606-4141-afa3-5aa8462df79e.png
26330439194_ef92d56403.png,ef9d5fa5-3606-4141-afa3-5aa8462df79e.png
26938194925_5e5c75049d_h.png,ef9d5fa5-3606-4141-afa3-5aa8462df79e.png
26848228052_b2f4fa66e9_h.png,ef9d5fa5-3606-4141-afa3-5aa8462df79e.png
26846176952_5d3c644aa0.png,ef9d5fa5-3606-4141-afa3-5aa8462df79e.png
26875992431_61788382aa.png,ef9d5fa5-3606-4141-afa3-5aa8462df79e.png
26334159613_477667cce1_h.png,ef9d5fa5-3606-4141-afa3-5aa8462df79e.png
26904895396_03c00c1c58_h.png,ef9d5fa5-3606-4141-afa3-5aa8462df79e.png
26937205775_7d4f554835_h.png,ef9d5fa5-3606-4141-afa3-5aa8462df79e.png
26843954302_990247be98_h.png,ef9d5fa5-3606-4141-afa3-5aa8462df79e.png
26904962396_9580bfd4d7_h.png,ef9d5fa5-3606-4141-afa3-5aa8462df79e.png
26865017841_cda5d46116_h.png,ef9d5fa5-3606-4141-afa3-5aa8462df79e.png
26869824791_f3bfc282e4.png,ef9d5fa5-3606-4141-afa3-5aa8462df79e.png
26905404646_18ad8ae320_h.png,ef9d5fa5-3606-4141-afa3-5aa8462df79e.png
26935039955_e342b498ca_h.png,ef9d5fa5-3606-4141-afa3-5aa8462df79e.png
26904523796_1138535dbc_h.png,ef9d5fa5-3606-4141-afa3-5aa8462df79e.png
26331101504_75ba509ea9.png,ef9d5fa5-3606-4141-afa3-5aa8462df79e.png
26903767706_6d90db2821_h.png,ef9d5fa5-3606-4141-afa3-5aa8462df79e.png
26940085905_af3ae38364.png,ef9d5fa5-3606-4141-afa3-5aa8462df79e.png
26335646293_af37638ed2_h.png,ef9d5fa5-3606-4141-afa3-5aa8462df79e.png
26869814341_274b19b706.png,ef9d5fa5-3606-4141-afa3-5aa8462df79e.png
26937506085_7396dac60f.png,ef9d5fa5-3606-4141-afa3-5aa8462df79e.png
26904627686_1aa8807dfa_h.png,ef9d5fa5-3606-4141-afa3-5aa8462df79e.png
26869106971_2e1d331d0d_h.png,ef9d5fa5-3606-4141-afa3-5aa8462df79e.png
26332316003_f62348a120_h.png,ef9d5fa5-3606-4141-afa3-5aa8462df79e.png
26905576206_cda248a585_h.png,ef9d5fa5-3606-4141-afa3-5aa8462df79e.png
26335301603_ddc2905321_h.png,ef9d5fa5-3606-4141-afa3-5aa8462df79e.png
26339668173_a89a6fbac4.png,ef9d5fa5-3606-4141-afa3-5aa8462df79e.png
26667103200_57b2502277_h.png,ef9d5fa5-3606-4141-afa3-5aa8462df79e.png
26329381624_50fd5fb0ce_h.png,ef9d5fa5-3606-4141-afa3-5aa8462df79e.png
26328448233_96e502abf3_h.png,ef9d5fa5-3606-4141-afa3-5aa8462df79e.png
26659606000_862578eff6_h.png,ef9d5fa5-3606-4141-afa3-5aa8462df79e.png
26335263133_006b35e2e6_h.png,ef9d5fa5-3606-4141-afa3-5aa8462df79e.png
26849752632_4aa0b66ae1_h.png,ef9d5fa5-3606-4141-afa3-5aa8462df79e.png
26339686273_c639d7d506.png,ef9d5fa5-3606-4141-afa3-5aa8462df79e.png
26339722143_f348f88ddf_h.png,ef9d5fa5-3606-4141-afa3-5aa8462df79e.png
26669771630_a3fcb42673_h.png,ef9d5fa5-3606-4141-afa3-5aa8462df79e.png
240797701_9cd53e3102.png,ef9d5fa5-3606-4141-afa3-5aa8462df79e.png
26912774325_832ae36e80.png,ef9d5fa5-3606-4141-afa3-5aa8462df79e.png
26327112824_7f011ab04b_h.png,ef9d5fa5-3606-4141-afa3-5aa8462df79e.png
26339757623_d0cfadf763_h.png,ef9d5fa5-3606-4141-afa3-5aa8462df79e.png
26335773993_418bfaef14_h.png,ef9d5fa5-3606-4141-afa3-5aa8462df79e.png
26334471563_2090449e0e_h.png,ef9d5fa5-3606-4141-afa3-5aa8462df79e.png
26847748992_e6db1a001c.png,ef9d5fa5-3606-4141-afa3-5aa8462df79e.png
26842995842_b2ab54a9d6_h.png,ef9d5fa5-3606-4141-afa3-5aa8462df79e.png
26661275200_49323b20a9.png,ef9d5fa5-3606-4141-afa3-5aa8462df79e.png
26669638680_36a10e736b_h.png,ef9d5fa5-3606-4141-afa3-5aa8462df79e.png
26366088315_f76cb99834.png,ef9d5fa5-3606-4141-afa3-5aa8462df79e.png
26663526650_c565baa3c6_h.png,ef9d5fa5-3606-4141-afa3-5aa8462df79e.png
26843508212_a8df60cf57.png,ef9d5fa5-3606-4141-afa3-5aa8462df79e.png
26905000366_b08b264327_h.png,ef9d5fa5-3606-4141-afa3-5aa8462df79e.png
26332893303_7707650585_h.png,ef9d5fa5-3606-4141-afa3-5aa8462df79e.png
26940415915_c9083b6d08_h.png,ef9d5fa5-3606-4141-afa3-5aa8462df79e.png
26339665623_4f6ab9407f.png,ef9d5fa5-3606-4141-afa3-5aa8462df79e.png
26869823511_815f77589b.png,ef9d5fa5-3606-4141-afa3-5aa8462df79e.png
26939105445_dd191b4c7f_h.png,ef9d5fa5-3606-4141-afa3-5aa8462df79e.png
26846096882_b127f5ee7c_h.png,ef9d5fa5-3606-4141-afa3-5aa8462df79e.png
26333621533_61b8826a2a_h.png,ef9d5fa5-3606-4141-afa3-5aa8462df79e.png
26332227803_4bc2bebe36_h.png,ef9d5fa5-3606-4141-afa3-5aa8462df79e.png
26872536221_a79b2b6269_h.png,ef9d5fa5-3606-4141-afa3-5aa8462df79e.png
26669338950_694d9dcb82.png,ef9d5fa5-3606-4141-afa3-5aa8462df79e.png
26335949863_252fecb19a_h.png,ef9d5fa5-3606-4141-afa3-5aa8462df79e.png
26334584304_8cff748923_h.png,ef9d5fa5-3606-4141-afa3-5aa8462df79e.png
26868839431_fbf8f6c589_h.png,ef9d5fa5-3606-4141-afa3-5aa8462df79e.png
26905328166_f201367102_h.png,ef9d5fa5-3606-4141-afa3-5aa8462df79e.png
26938667965_2a4a2329aa_h.png,735d3221-de2b-4abc-9fea-8b526a98b201.png
26903155346_0f72150ce5_h.png,ef9d5fa5-3606-4141-afa3-5aa8462df79e.png
26669749060_0455ccd6ff_h.png,ef9d5fa5-3606-4141-afa3-5aa8462df79e.png
26843033852_258705d958_h.png,ef9d5fa5-3606-4141-afa3-5aa8462df79e.png
26869393551_e848447c6b_h.png,ef9d5fa5-3606-4141-afa3-5aa8462df79e.png
26664130260_b93832fcea.png,ef9d5fa5-3606-4141-afa3-5aa8462df79e.png
26875995311_10489b58c7.png,ef9d5fa5-3606-4141-afa3-5aa8462df79e.png
26846247622_a4f379622f_h.png,ef9d5fa5-3606-4141-afa3-5aa8462df79e.png
26903885506_1d922325df.png,ef9d5fa5-3606-4141-afa3-5aa8462df79e.png
26848627542_b47e24adba_h.png,ef9d5fa5-3606-4141-afa3-5aa8462df79e.png
26657616150_999a73fdca.png,ef9d5fa5-3606-4141-afa3-5aa8462df79e.png
26876098091_020c4fb7e9_h.png,ef9d5fa5-3606-4141-afa3-5aa8462df79e.png
26845953062_be4701c7ae.png,ef9d5fa5-3606-4141-afa3-5aa8462df79e.png
26843921152_482db3bbb3_h.png,ef9d5fa5-3606-4141-afa3-5aa8462df79e.png
26936844985_fd79e7a7af_h.png,ef9d5fa5-3606-4141-afa3-5aa8462df79e.png
26933757585_5fe5fa9345_h.png,ef9d5fa5-3606-4141-afa3-5aa8462df79e.png
26940416895_512d9d34d3_h.png,ef9d5fa5-3606-4141-afa3-5aa8462df79e.png
26847481592_5e49788acd.png,ef9d5fa5-3606-4141-afa3-5aa8462df79e.png
26670795370_113724f8dd.png,ef9d5fa5-3606-4141-afa3-5aa8462df79e.png
26330021444_0dc874886d.png,ef9d5fa5-3606-4141-afa3-5aa8462df79e.png
26937690995_e493ee3a7b_h.png,ef9d5fa5-3606-4141-afa3-5aa8462df79e.png
26906085136_f5e4bc3dae_h.png,ef9d5fa5-3606-4141-afa3-5aa8462df79e.png
26327111294_3e8654c66b_h.png,ef9d5fa5-3606-4141-afa3-5aa8462df79e.png
26904676286_a01f9891c7_h.png,ef9d5fa5-3606-4141-afa3-5aa8462df79e.png
26941955405_176571b957_h.png,ef9d5fa5-3606-4141-afa3-5aa8462df79e.png
26903172606_09c767ccee_h.png,ef9d5fa5-3606-4141-afa3-5aa8462df79e.png
26332758303_86d02b68f6_h.png,ef9d5fa5-3606-4141-afa3-5aa8462df79e.png
26332191364_103dc24868.png,ef9d5fa5-3606-4141-afa3-5aa8462df79e.png
26848290262_d2f247ebaf_h.png,ef9d5fa5-3606-4141-afa3-5aa8462df79e.png
26332963293_c71086d6ad_h.png,ef9d5fa5-3606-4141-afa3-5aa8462df79e.png
26338673624_9e60126b40_h.png,ef9d5fa5-3606-4141-afa3-5aa8462df79e.png
26841596742_111630d36c_h.png,ef9d5fa5-3606-4141-afa3-5aa8462df79e.png
26331116044_4aa4117905_h.png,ef9d5fa5-3606-4141-afa3-5aa8462df79e.png
26910510806_2043cce399.png,ef9d5fa5-3606-4141-afa3-5aa8462df79e.png
21497415162_1066c3ec4f.png,ef9d5fa5-3606-4141-afa3-5aa8462df79e.png
26903748336_a78f9cd591_h.png,ef9d5fa5-3606-4141-afa3-5aa8462df79e.png
26332953584_d325eacf78_h.png,ef9d5fa5-3606-4141-afa3-5aa8462df79e.png
26937898065_d2c6d478a9.png,ef9d5fa5-3606-4141-afa3-5aa8462df79e.png
26907664066_ec210ba6d8.png,ef9d5fa5-3606-4141-afa3-5aa8462df79e.png
26665472890_f01e3ed594.png,ef9d5fa5-3606-4141-afa3-5aa8462df79e.png
26942480475_4e15675009_h.png,ef9d5fa5-3606-4141-afa3-5aa8462df79e.png
26667409910_3d087c5ef8_h.png,ef9d5fa5-3606-4141-afa3-5aa8462df79e.png
26338643134_0a1838574f_h.png,ef9d5fa5-3606-4141-afa3-5aa8462df79e.png
26874711021_2b90b692a3_h.png,ef9d5fa5-3606-4141-afa3-5aa8462df79e.png
26845037002_7e1eba068c_h.png,ef9d5fa5-3606-4141-afa3-5aa8462df79e.png
26659616590_aefd870332_h.png,ef9d5fa5-3606-4141-afa3-5aa8462df79e.png
240797160_5c3f82e272.png,ef9d5fa5-3606-4141-afa3-5aa8462df79e.png
26337135064_38c4094cfa.png,ef9d5fa5-3606-4141-afa3-5aa8462df79e.png
26332314423_136d9e5499_h.png,ef9d5fa5-3606-4141-afa3-5aa8462df79e.png
25420162053_2efa6e5d24.png,ef9d5fa5-3606-4141-afa3-5aa8462df79e.png
26873632271_0b19f59a01_h.png,ef9d5fa5-3606-4141-afa3-5aa8462df79e.png
26865036691_70bb5e9b00_h.png,ef9d5fa5-3606-4141-afa3-5aa8462df79e.png
26868841511_7938ca210a_h.png,ef9d5fa5-3606-4141-afa3-5aa8462df79e.png
26944380685_a865190d48_h.png,ef9d5fa5-3606-4141-afa3-5aa8462df79e.png
26339425343_be12f44b96_h.png,ef9d5fa5-3606-4141-afa3-5aa8462df79e.png
26940900715_ebf1de41e6_h.png,ef9d5fa5-3606-4141-afa3-5aa8462df79e.png
26841598232_ee0d352a4c_h.png,ef9d5fa5-3606-4141-afa3-5aa8462df79e.png
26664996120_c1e8a50686_h.png,ef9d5fa5-3606-4141-afa3-5aa8462df79e.png
26843414642_a093df131e.png,735d3221-de2b-4abc-9fea-8b526a98b201.png
26867879851_54727cfcc5_h.png,ef9d5fa5-3606-4141-afa3-5aa8462df79e.png
26665418260_411139128d_h.png,ef9d5fa5-3606-4141-afa3-5aa8462df79e.png
26905569296_b4e699e486_h.png,ef9d5fa5-3606-4141-afa3-5aa8462df79e.png
240797516_4a365afd01.png,ef9d5fa5-3606-4141-afa3-5aa8462df79e.png
26843943112_0d9f765b10.png,ef9d5fa5-3606-4141-afa3-5aa8462df79e.png
26663526950_9d9191ee38_h.png,ef9d5fa5-3606-4141-afa3-5aa8462df79e.png
26909331646_f03e0d276d_h.png,ef9d5fa5-3606-4141-afa3-5aa8462df79e.png
26938184305_2393657480_h.png,ef9d5fa5-3606-4141-afa3-5aa8462df79e.png
26876052951_2d5d8def1d.png,ef9d5fa5-3606-4141-afa3-5aa8462df79e.png
26937888645_a4b97a08d9.png,ef9d5fa5-3606-4141-afa3-5aa8462df79e.png
26337210993_e07a85ab0c.png,ef9d5fa5-3606-4141-afa3-5aa8462df79e.png
240796885_707a9834e5.png,ef9d5fa5-3606-4141-afa3-5aa8462df79e.png
26869434211_caa2b4c119.png,ef9d5fa5-3606-4141-afa3-5aa8462df79e.png
26843077262_02729b61d8_h.png,ef9d5fa5-3606-4141-afa3-5aa8462df79e.png
26938410925_be61551af8.png,ef9d5fa5-3606-4141-afa3-5aa8462df79e.png
26331096594_90f6ec75ae_h.png,ef9d5fa5-3606-4141-afa3-5aa8462df79e.png
549545712_4d0c13a814.png,ef9d5fa5-3606-4141-afa3-5aa8462df79e.png
26844879922_b1e76d7a47.png,ef9d5fa5-3606-4141-afa3-5aa8462df79e.png
26938248665_1fa660156a_h.png,ef9d5fa5-3606-4141-afa3-5aa8462df79e.png
26843796762_3acf1222cc_h.png,ef9d5fa5-3606-4141-afa3-5aa8462df79e.png
26842586952_5bf843942d_h.png,ef9d5fa5-3606-4141-afa3-5aa8462df79e.png
26937929525_aba769b290.png,ef9d5fa5-3606-4141-afa3-5aa8462df79e.png
26846067602_27335e38a7_h.png,ef9d5fa5-3606-4141-afa3-5aa8462df79e.png
26903167296_25cdbcb757_h.png,ef9d5fa5-3606-4141-afa3-5aa8462df79e.png
26868845671_5f87801743.png,ef9d5fa5-3606-4141-afa3-5aa8462df79e.png
26333051524_8db1b4e034_h.png,ef9d5fa5-3606-4141-afa3-5aa8462df79e.png
26937891275_eebefd9675.png,ef9d5fa5-3606-4141-afa3-5aa8462df79e.png
26944235585_14f2fabd9e.png,ef9d5fa5-3606-4141-afa3-5aa8462df79e.png
26666148020_d84b6b2ddf_h.png,ef9d5fa5-3606-4141-afa3-5aa8462df79e.png
26332322153_fbf8afb9b4_h.png,ef9d5fa5-3606-4141-afa3-5aa8462df79e.png
26868847431_bb09d30c55_h.png,ef9d5fa5-3606-4141-afa3-5aa8462df79e.png
26333505943_1f6469e584_h.png,ef9d5fa5-3606-4141-afa3-5aa8462df79e.png
26842584762_bb3638fe31.png,ef9d5fa5-3606-4141-afa3-5aa8462df79e.png
26331406363_1ac91cdf25_h.png,ef9d5fa5-3606-4141-afa3-5aa8462df79e.png
26906813486_fa78fd80df_h.png,ef9d5fa5-3606-4141-afa3-5aa8462df79e.png
26335191793_5cf03bd479_h.png,ef9d5fa5-3606-4141-afa3-5aa8462df79e.png
26331119364_0dec1e9ae1_h.png,ef9d5fa5-3606-4141-afa3-5aa8462df79e.png
26875106121_3b6e50df74_h.png,ef9d5fa5-3606-4141-afa3-5aa8462df79e.png
26902312026_4cae585141_h.png,ef9d5fa5-3606-4141-afa3-5aa8462df79e.png
26904659996_34bc9b64fb_h.png,ef9d5fa5-3606-4141-afa3-5aa8462df79e.png
26872595301_05aacb1b2f_h.png,ef9d5fa5-3606-4141-afa3-5aa8462df79e.png
26664845100_665cad17f8_h.png,ef9d5fa5-3606-4141-afa3-5aa8462df79e.png
26843080262_2de3f65a1d_h.png,ef9d5fa5-3606-4141-afa3-5aa8462df79e.png
26938233775_879824803b_h.png,ef9d5fa5-3606-4141-afa3-5aa8462df79e.png
26334093573_51dd1800e9_h.png,ef9d5fa5-3606-4141-afa3-5aa8462df79e.png
240796294_ee89c7e42b.png,ef9d5fa5-3606-4141-afa3-5aa8462df79e.png
26338428544_b3d8ffe42b_h.png,ef9d5fa5-3606-4141-afa3-5aa8462df79e.png
26939355785_0267dd95a6_h.png,ef9d5fa5-3606-4141-afa3-5aa8462df79e.png
26664998040_1e447f5158_h.png,ef9d5fa5-3606-4141-afa3-5aa8462df79e.png
26332499374_bb6c4d3075_h.png,ef9d5fa5-3606-4141-afa3-5aa8462df79e.png
26339737773_bb876444f9.png,ef9d5fa5-3606-4141-afa3-5aa8462df79e.png
26332316783_2f7046e67f_h.png,ef9d5fa5-3606-4141-afa3-5aa8462df79e.png
26939992635_c998c0f6f1.png,ef9d5fa5-3606-4141-afa3-5aa8462df79e.png
26842756482_4a370e5cfe_h.png,ef9d5fa5-3606-4141-afa3-5aa8462df79e.png
26868823331_23409b880f_h.png,ef9d5fa5-3606-4141-afa3-5aa8462df79e.png
26936847425_75f4873753_h.png,ef9d5fa5-3606-4141-afa3-5aa8462df79e.png
26335545313_565a1b8d5a_h.png,ef9d5fa5-3606-4141-afa3-5aa8462df79e.png
26872547891_9b693e5cc3_h.png,ef9d5fa5-3606-4141-afa3-5aa8462df79e.png
26876140261_e83c49f112_h.png,ef9d5fa5-3606-4141-afa3-5aa8462df79e.png
26334605983_7da97a16c4_h.png,ef9d5fa5-3606-4141-afa3-5aa8462df79e.png
26331101194_547dca389e_h.png,ef9d5fa5-3606-4141-afa3-5aa8462df79e.png
